work_order_id,ac_model,aircraft_description,mel_detail_id,mel_code,mel_chapter_code,ata_chapter_code,issue_date,closing_date,estimated_groundtime_minutes,release_total_aircraft_hours,aircraft_position_issue,component_part_number,opco_code,workstep_text,action_text,parts_text
11779023,A320,EI-DEK AIRBUS A320-214,,,,May-00,3/24/2025,3/25/2025,0,3166669.0,,,EI,"WORKSTEPS DESCRIPTIONS:
2025-03-24: PERFORM CHECK: A320 RAMP CHECK (RAMP)
 -PERFORM CHECK: RAMP, A320 RAMP CHECK. INTERVAL: 24/HR IAW ALD431","ACTIONS:
- 2025-03-25 PERFORM CHECK: A320 RAMP CHECK (RAMP)RAMP PERFORMED PER ALD431 (LATEST REVISION) & SIGNED IN ALD689.",
11595503,A21N,EI-LRC AIRBUS A321-253NX,,,,24-20,2/7/2025,3/2/2025,120,1104650.0,NO2ENG,1718205,EI,"WORKSTEPS DESCRIPTIONS:
2025-02-07: 
 -PERFORM ON PN:1718205 SN:AAPU001063 (IDG-INTEGRATED DRIVE GENERATOR). REPAIR (1718205 DISCARD FILTER + REPLENISH OIL). OW/MPD242000-24-1-SC. & CH. FLTR DIS. INSTALLED AT: NO2ENG(NO 2 ENGINE). INSTALLED IN PN:LEAP-1A33 SN:599293 (LEAP-ENGINE) (POS:NO2 ENG). (POS DESCR:NO 2 ENGINE). . DISCARD SCAVENGE AND CHARGE FILTERS, DRAIN AND REPLENISH OIL SYSTEM .. . NOTE: INTERVAL: . - IN ORDER TO AVOID RISK OF MULTIPLE IDG LOSSES, DO NOT PERFORM THIS TASK ON BOTH IDG AT THE SAME TIME. IT IS RECOMMENDED TO WAIT AT LEAST TWO FLIGHT. CYCLES BEFORE PERFORMING THIS TASK ON THE OTHER IDG . - REPLACE FILTER ELEMENTS, DRAIN IDG OIL AND REPLENISH AT 150 FH OR 1 MO AFTER AIRCRAFT ENTRY INTO SERVICE. THEREAFTER REFER TO INTERVAL. . - INTERVAL MAY BE ADJUSTED IN ACCORDANCE WITH SIL 236.","ACTIONS:
- 2025-03-02 ENGINE NUMBER 2 IDG FILTERS REPLACED AND IDG FILLED IAW AMM 24-21-51-400-810-A R112
- 2025-03-02 ENGINE NUMBER 2 FAN COWLS OPENED FOR MAINTENANCE IAW AMM 71-13-00 R112 . . ENGINE NUMBER 2 FAN COWLS CLOSED AFTER MAINTENANCE IAW AMM 71-13-00 R112 . . 1ST G,HOWARD 72127 11.56. 2ND MAHESH 75947 11.55 
- 2025-03-02 ENGINE NUMBER 2 FAN COWLS OPENED FOR MAINTENANCE IAW AMM 71-13-00 R112 . . ENGINE NUMBER 2 FAN COWLS CLOSED AFTER MAINTENANCE IAW AMM 71-13-00 R112 . . 1ST G,HOWARD 72127 11.56. 2ND MAHESH 75947 11.55 ",
11779477,A320,EI-DEK AIRBUS A320-214,,,,00-00,3/20/2025,3/20/2025,15,3164663.0,,,EI,"WORKSTEPS DESCRIPTIONS:
2025-03-20: MEL/FCOM SB STATUS SHEET
 -PLEASE REMOVE OLD FCOM MMEL SHEET FROM THE TECH LOG AND REPLACE WITH THE ONE ATTACHED TO THIS WORKORDER",,
9019243,A320,EI-DEM AIRBUS A320-214,,,,72-32,4/17/2025,,480,,NO2ENG,CFM56-5B4P,EI,"WORKSTEPS DESCRIPTIONS:
2025-04-17: 
 -PERFORM R320-72-2039 COMPONENT (REPEAT EO) REV. B. PARTNO : CFM56-5B4P / SERIALNO : 779749.          ENGINE CFM56.          POS: NO2ENG. . ON WING BORESCOPE INSPECTION OF METALLIC/HYBRID VSV SYSTEM. . REFERENCE: CFM56-5B-72-0921/SB (RV.03). . PLEASE ACCOMPLISH A BORESCOPE INSPECTION OF THE VSV SYSTEM AS FOLLOWS:. . PERFORM THE FOLLOWING TASKS AS PER THE ACCOMPLISHMENT INSTRUCTIONS OF SB 72-0921 REV 03:. . 1)	INSPECT THE FORWARD SIDE OF THE STG.2 AND STG.3 HPC VSV INNER SHROUDS PER ACCOMPLISHMENT INSTRUCTIONS 3. A.1. (A)-(E). NOTE: THIS INSPECTION IS REQUIRED ON ALL ENGINES.. . 2)	INSPECT FOR HONEYCOMB SEAL ROTATION PER ACCOMPLISHMENT INSTRUCTIONS 3. A.1. (F). (PLEASE NOTE ALL ENGINES ARE POST 72-0612 AND 72-0672).. . 3) ***PLEASE NOTE STEP 3 OF THIS EO IS ONLY REQUIRED FOR ENGINES WITH THE ""SLAB HEADED"" TYPE ANTI-ROTATION PIN I.E. POST 72-0678. MOD STATUS FOR THIS SB CAN BE CHECKED UNDER APN 63 IN AMOS AND ENTERING ""72-0678"" INTO ""DOCUMENT NO:"" AND THEN CLICKING ON THE ""STATUS"" TAB. IF MOD STATUS CANNOT BE DETERMINED, THE ROTATION PIN TYPE CAN BE DETERMINED BY VISUALLY CHECKING PER THE INSTRUCTIONS IN SB 72-0921.***. . . DO A CHECK FOR SLAB HEADED ANTI-ROTATION PIN ROTATION PER ACCOMPLISHMENT INSTRUCTIONS 3.A.1. (G).. . 4) REPORT ANY FINDINGS BACK TO POWERPLANT ENGINEERING WITH IMAGES VIA TAQ REFERENCING THE ESN.. . NOTE: NO EOIS IS ATTACHED FOR THIS INSPECTION",,
11650582,A21N,EI-LRC AIRBUS A321-253NX,,,,25-11,4/7/2025,,60,,,,EI,"WORKSTEPS DESCRIPTIONS:
2025-04-07: AIRWORTHINESS DIRECTIVE
 -MANDATORY: PERFORM S3XX-25-2025 (ONCE ONLY EO) REV. A. . AD > CREW HARNESS ROTARY BUCKLE ASSEMBLIES WITH PLASTIC HANDLES. INSPECTION / REPLACEMENT. REFERENCE: 2024-26-02/AD (RV.00) / 25-1111432/SB (RV.02). OBSERVING ALL SAFETY PRECAUTIONS PLEASE ACCOMPLISH PARKER MEGGITT SB 25-1111432 REV 002 DATED SEP 12/23 AND EOIS S3XX-25-2025 REV A TO INSPECT THE CREW RESTRAINT SYSTEMS ROTARY BUCKLES.",,"PARTS:
- 2025-03-06 1111475-03: BUCKLE || ata_chapter: 25-00
- 2025-03-06 1111475-01: BUCKLE || ata_chapter: 25-00"
11820130,A320,EI-DEN AIRBUS A320-214,,,,May-00,4/23/2025,4/24/2025,0,3212954.0,,,EI,"WORKSTEPS DESCRIPTIONS:
2025-04-23: PERFORM CHECK: A320 RAMP CHECK (RAMP)
 -PERFORM CHECK: RAMP, A320 RAMP CHECK. INTERVAL: 24/HR IAW ALD431","ACTIONS:
- 2025-04-23 RAMP COMPLETED IAW ALD 431",
9855775,A333,EI-GCF AIRBUS A330-302,,,,10-Nov,6/30/2025,,240,,,,EI,"WORKSTEPS DESCRIPTIONS:
2025-06-30: 
 -PERFORM R330-11-2003 (REPEAT EO) REV. C. . INSPECTION OF AIRCRAFT EXTERIOR DECALS - BELLY FAIRINGS. . REFERENCE: . OBSERVING ALL NECESSARY SAFETY PRECAUTIONS PLEASE ACCOMPLISH R330-11-2003 REV.C PER THE ATTACHED . EOIS R330-11-2003 ISSUE C.",,"PARTS:
- 2023-09-18 GRX250L021: PLACARD || ata_chapter: 11-00
- 2023-09-18 GRX250L054: PLACARD || ata_chapter: 11-00
- 2023-09-18 GRX250L056: PLACARD || ata_chapter: 11-00
- 2023-09-18 GRX250L021: PLACARD || ata_chapter: 11-00
- 2023-09-18 GRX250L046: PLACARD || ata_chapter: 11-00
- 2023-09-18 GRX250L045: PLACARD || ata_chapter: 11-00
- 2023-09-18 GRX250L053: PLACARD || ata_chapter: 11-00
- 2023-09-18 GRX250L048: PLACARD || ata_chapter: 11-00
- 2023-09-18 GRX250L047: PLACARD || ata_chapter: 11-00
- 2023-09-18 GRX250L053: PLACARD || ata_chapter: 11-00
- 2023-09-18 GRX250L058: PLACARD || ata_chapter: 11-00
- 2023-09-18 GRX250L045: PLACARD || ata_chapter: 11-00
- 2023-09-18 GRX250L058: PLACARD || ata_chapter: 11-00
- 2023-09-18 GRX250L051: PLACARD || ata_chapter: 11-00
- 2023-09-18 GRX250L056: PLACARD || ata_chapter: 11-00
- 2023-09-18 GRX250L054: PLACARD || ata_chapter: 11-00
- 2023-09-18 GRX250L052: PLACARD || ata_chapter: 11-00
- 2023-09-18 GRX250L048: PLACARD || ata_chapter: 11-00
- 2023-09-18 GRX250L046: PLACARD || ata_chapter: 11-00
- 2023-09-18 GRX250L047: PLACARD || ata_chapter: 11-00
- 2023-09-18 F1131158820000: PLACARD || ata_chapter: 11-00
- 2023-09-18 GRX250L052: PLACARD || ata_chapter: 11-00
- 2023-09-18 GRX250L051: PLACARD || ata_chapter: 11-00
- 2023-09-18 GRX250L057: PLACARD || ata_chapter: 11-00
- 2023-09-18 GRX250L057: PLACARD || ata_chapter: 11-00
- 2023-09-18 GRX250L995FAI: PLACARD || ata_chapter: 11-00
- 2023-09-18 GRX250L995FAI: PLACARD || ata_chapter: 11-00"
11332881,A20N,EI-NSF AIRBUS A320-251N,,,,25-65,2/26/2025,3/10/2025,30,101403.0,FWD,A12SA,EI,"WORKSTEPS DESCRIPTIONS:
2025-02-26: 
 -MEGAPHONE BATTERIES.UNIT DOES NOT HAVE TO BE REMOVED FROM THE. AIRCRAFT FOR THIS TASK.. DISCARD AND REPLACE BATTERIES IN MEGAPHONE P/N: A12SA, S/N: EIN097 (1 YEAR LIMIT). PER AMTOSS (A330)25-65-51-920-801 OR (A320/321) 25-65-51-920-001.. . AND CHECK OPERATION AFTER REPLACEMENT. INSTALLED AT POS: FWD (HIGHEST POS: FWD). FOR INFO: BATTERY CHANGE (BC). . *NOTE: PLEASE ENSURE A NEW EXPIRY DATE STICKER (ALD258) IS APPLIED TO THE OUTSIDE OF THE MEGAPHONE DETAILING THE ONE YEAR EXPIRY DATE OF THE REPLACEMENT BATTERIES"". *NOTE: NEW EXPIRY DATE TO BE RECORDED IN THE CLOSING ACTION FOR PLANNING.","ACTIONS:
- 2025-03-10 DISCARD AND REPLACE BATTERIES IN MEGAPHONE P/N: A12SA, S/N: EIN097, CARRIED OUT IAW AMM 25-65-51-920-001-A REV.112. . OPERATIONAL TEST OF THE MEGAPHONE CARRIED OUT IAW AMM 25-65-51-710-002-A REV.112. . ALD 258 INSTALLED. . NEW EXPIRY DATE: 10/03/2026",
11782442,A333,EI-EIK AIRBUS A330-302,,,,78-31,4/2/2025,,120,,4130KS1,683L247G04,EI,"WORKSTEPS DESCRIPTIONS:
2025-04-02: THRUST RV 33F-FIRE PROTECTION COAT-GVI-INSPECTION of KIT, FAN REVERSER
 -PERFORM ON PN:683L247G04 SN:R555-311 (KIT, FAN REVERSER, POS.1 L/H). INSPECTION (THRUST RV 33F-FIRE PROTECTION COAT-GVI). OW/MPD 783200-G7-1-FIRE PRT COAT-GVI. INSTALLED AT: 4130KS1(ADDED BY TRANSFER-PROGRAM). . FIRE PROTECTION COATING - GVI",,"PARTS:
- 2025-03-24 RTV106: SEALANT, 4.7 OZ TUBE || ata_chapter: 25-00"
6996203,A333,EI-FNG AIRBUS A330-302,,,,26-00,6/6/2025,,0,,3WE2,30903899,EI,"WORKSTEPS DESCRIPTIONS:

 -REPLACE PN:30903899 SN:0543UA (ENG FIRE BTL CARTRIDGE (10 YEAR TYPE). INSTALLED AT: 3WE2(UNDEFINED). INFO/TRIGGERED BY: 30903899/0543UA LL(LIFE LIMIT) RP/ MPD 262100-15-1 CARTRIDGE - DIS / 30903899 33F ENG FIRE EX CARTRIDGE",,"PARTS:
- 2016-09-02 30903899: ENG FIRE BTL CARTRIDGE (10 YEAR TYPE || ata_chapter: 26-00"
11606353,A333,EI-DUZ AIRBUS A330-302,,,,78-31,3/5/2025,,360,,NO1 RH,683L248G03,EI,"WORKSTEPS DESCRIPTIONS:
2025-03-05: THRUST RV 33F-FLX DRST-783100-G2-1-DVI-INSPECTION of KIT, FAN REVERSER
 -PERFORM ON PN:683L248G03 SN:R554-006 (KIT, FAN REVERSER POS 1 R/H). INSPECTION (THRUST RV 33F-FLX DRST-783100-G2-1-DVI). OW/783100-G2-1-THR RV DRVE SHFT -DVI. INSTALLED AT: NO1 RH(NO1 RH). . DETAILED INSPECTION AND LUBRICATE FLEXIBLE DRIVE SHAFTS, PER AMTOSS: 122278-600-802.. . EIN MATERIAL NOTE: AER0SHELL GREASE 64 MUST BE USED.",,"PARTS:
- 2025-01-09 WHITESPIRIT5LT: WHITE SPIRITS || ata_chapter: 25-00
- 2025-01-09 121282-25: FLEXSHAFT || ata_chapter: 78-30
- 2025-01-09 AER0SHELL64: GREASE 3KG || ata_chapter: 00-00
- 2025-01-09 121282-26: FLEXSHAFT || ata_chapter: 78-30
- 2025-01-09 3278500-7: SHAFT || ata_chapter: 71-00"
11609183,A21N,EI-LRA AIRBUS A321-253NX,,,,May-00,1/19/2025,1/21/2025,0,1141871.0,,,EI,"WORKSTEPS DESCRIPTIONS:
2025-01-19: PERFORM CHECK: A320 RAMP CHECK (RAMP)
 -PERFORM CHECK: RAMP, A320 RAMP CHECK. INTERVAL: 72/HR IAW ALD431","ACTIONS:
- 2025-01-21 RAMP PERFORMED PER ALD431 (LATEST REVISION) & SIGNED IN ALD689.. ",
11660836,A20N,EI-NSG AIRBUS A320-251N,,,,22-71,4/25/2025,5/13/2025,90,27607.0,,,EI,"WORKSTEPS DESCRIPTIONS:
2025-04-25: NAV DATABASE UPLOADING AND CHECK OF PERFORMANCE INDEX FIGURES
 -MANDATORY: PERFORM R3XX-22-2001 (REPEAT EO) REV. A. . NAV DATABASE UPLOADING AND CHECK OF PERFORMANCE INDEX FIGURES. . REFERENCE: . . 1. OBSERVE ALL NECESSARY SAFETY PRECAUTIONS..  . 2. LOAD NEW NAV DATABASE TO FMGC1 AND FMGC2 IN ACCORDANCE WITH AMM 22-70-00-610-008 (UPLOADING OF THE FM DATA)..  . 3.PLEASE RECORD THE NAV DATABASE PART NUMBER AND EXPIRY DATE OF NEW NAV DATA DISK:  . NAV DATABASE PART NUMBER: ______________________. NAV DATABASE EXPIRY DATE:     ______________________. . 4.PLEASE ENSURE THE NAV DATABASE PN AND  EXPIRY DATE IS ALSO RECORDED IN THE ACTION TAKEN FIELD OF THE WORKORDER..  . 5. OBTAIN THE CURRENT PERFORMANCE FACTOR FOR THE APPLICABLE AIRCRAFT BY ACCESSING THE PERFORMANCE FACTOR TABLE ON TECHWEB. NOTE THE VALUE FOR THE APPLICABLE AIRCRAFT.. NOTE: PERFORMANCE FACTOR TABLE IS LOCATED IN THE PUBLICATION SECTION UNDER THE ?AER LINGUS? HEADING AS ?PERF FACTOR?.  . 6. ACCESS THE AIRCRAFT STATUS PAGE ON THE MCDU BY PRESSING THE `DATA` THEN `AIRCRAFT STATUS` BUTTONS AND CHECK THE `PERF FACTOR` DISPLAYED IS THE SAME AS THE FIGURE OBTAINED FROM ASTRAL..  . 7. IF THE FIGURE IS DIFFERENT, PERFORM THE FOLLOWING STEPS:. A. ENTER `ARM` INTO BRACKETS IN THE CHG CODE LINE (5L).. B. WRITE THE IDLE/PERF VALUE IN THE SCRATCHPAD.. C. ENTER THIS VALUE IN LINE (6L).. D. VERIFY THE NEW VALUE HAS BEEN ACCEPTED AND DISPLAYED..  . 8. RETURN MCDU TO NORMAL..  . NOTE: AS THIS TASK IS DRIVEN BY THE EXPIRY DATE OF THE NAV DATA DISK AND NOT THE CALENDAR LAST DONE OF THE TASK IN AMOS, THE 28 DAY INTERVAL ON THIS TASK MAY BE EXCEEDED IN AMOS.","ACTIONS:
- 2025-05-13 PERFORMED R3XX-22-2001 (REPEAT EO) REV. A . . NAV DATABASE PART NUMBER: EIN4D8250501150. NAV DATABASE EXPIRY DATE: 15MAY2025-11JUN2025",
11602015,A20N,EI-NSB AIRBUS A320-251N,,,,May-00,1/10/2025,1/10/2025,0,290314.0,,,EI,"WORKSTEPS DESCRIPTIONS:
2025-01-10: PERFORM CHECK: A320 RAMP CHECK (RAMP)
 -PERFORM CHECK: RAMP, A320 RAMP CHECK. INTERVAL: 24/HR IAW ALD431","ACTIONS:
- 2025-01-10 RAMP PERFORMED PER ALD431 (LATEST REVISION) & SIGNED IN ALD689.",
9952055,A320,EI-DEI AIRBUS A320-214,,,,70-00,2/14/2025,,600,,NO2ENG,642-3802-523,EI,"WORKSTEPS DESCRIPTIONS:
2025-02-14: AIRWORTHINESS DIRECTIVE
 -MANDATORY: PERFORM R320-70-2001 COMPONENT (REPEAT EO) REV. C. PARTNO : 642-3802-523 / SERIALNO : 7923001.          FAN REVERSER RH.          POS: NO2ENG. . NACELLE/THRUST REVERSER - 3/9 O CLOCK PIVOT FITTING INSPECTION. . REFERENCE: A320-70-1003/SB (RV.03) / EU-2016-0076/AD (RV.00) / RA32078-137/SB (RV.06). . OBSERVING ALL SAFETY PRECAUTIONS CARRY OUT THE NACELLE/THRUST REVERSER 3/9 O CLOCK PIVOT FITTING INSPECTION PER THE ATTACHED EOIS R320-70-2001 REV C.",,
11951205,A320,EI-DVH AIRBUS A320-214,,,,92-50,4/28/2025,,1350,,,,EI,"WORKSTEPS DESCRIPTIONS:
2025-04-28: MODIFICATION OF 107VU FOR ATA 21 CONNECTORS VIA SB A320-92-1146
 -PERFORM A320-92-1146 (SB) REV. 01. . ELECTRIC AND ELECTRONIC COMMON INSTALLATION - EQUIPMENT FOR BOXES AND. PANELS - MODIFY 107VU FOR ATA 21 CONNECTORS OVERHEAT (CEO). REFERENCE: . . BACKGROUND: . ON A320 FAMILY, SEVERAL OVERHEATED CONNECTORS FIN 1276VC, FIN 1276VCA, FIN 1278VC, AND FIN 1278VCA HAVE BEEN REPORTED. UNDERSIZING OF THE CONTACTS INSIDE CONNECTORS AND RECEPTACLES HAS BEEN EVALUATED AS THE ROOT CAUSE.. THIS SB PROVIDES INSTRUCTIONS TO SPLIT THE CONNECTORS AND INCREASE THE CONTACT SIZING.. . ACTION:. 1. PLEASE CARRY OUT AIRBUS SB A320-92-1146 REV 01, FOLLOWING INSTRUCTIONS IN EOIS A320-92-1146 REV B.. . MATERIAL NOTE: DRILLING TOOL P/N 98D92003001000 IS DESIGNED TO BE REUSABLE MULTIPLE TIMES. PLEASE USE IT WITH CARE AND RETURN IT BACK TO STORES ONCE MOD IS COMPLETED.. . 2. PLEASE REMEMBER RAISE A TAQ TO AVIONICS@AERLINGUS.COM TO NOTIFY THE SB ACCOMPLISHMENT SO IT CAN BE REPORTED BACK TO AIRBUS.",,"PARTS:
- 2025-04-25 04EAC2: PRIMER POLYURETHANE PAIN || ata_chapter: 51-00
- 2025-04-25 04JME4: TOP COAT POLYURETHANE || ata_chapter: 51-00
- 2025-04-25 10ABC1: COATING, KIT || ata_chapter: 25-00"
11661809,A21N,EI-XLT AIRBUS A321-253NY,,,,46-00,2/26/2025,2/28/2025,840,42743.0,,,EI,"WORKSTEPS DESCRIPTIONS:
2025-02-26: EFB SYSTEM PROVISIONS INSTALLATION
 -PERFORM M320-46-2050 (EO) REV. B. . EFB SYSTEM PROVISIONS INSTALLATION. . REFERENCE: . . PERFORM EFB SYSTEM PROVISIONS INSTALLATION IN REFERENCE TO M320-46-2050 REV. B & NAVAERO DOC NO. 0125-SB-A321-002.. . IMPORTANT NOTE 1: . PLEASE ACCOMPLISH EO M320-46-2049 REV A (EFB WINDOW MOUNT INSTALLATION) IN CONJUCTION WITH THIS TASK AS TOP LEVEL KIT PN 18-A320-20-01-00 WILL BE REQUIRED TO ACCOMPLISH BOTH ENGINEERING ORDERS.. . IMPORTANT NOTE 2:. PLEASE FOLLOW THE SPECIFIED/USED CONNECTOR LOCATIONS ON THE PROVIDED WIRING DIAGRAMS TO ENSURE THAT PHYSICAL INSTALLATION ALIGNS WITH THE MANUAL SUPPLEMENT.. . IMPORTANT NOTE 3:. PLEASE ROUTE THE PDI CABLE BY THE SLIDING WINDOW USING THE ALTERNATIVE PROCEDURE SHOWN ON 1320-DW-A320-20 SHEET 2. . . IMPORTANT NOTE 4: . THERE WILL BE REMAINING UNUSED PED INSTALLTION PARTS IN KIT PN18-A320-20-01-00. PLEASE ENSURE THESE ARE KEPT SAFELY IN THE KIT BOX AND RETURNED TO STORES AS THEY WILL BE REQUIRED FOR FUTURE EFB ACTIVATION.","ACTIONS:
- 2025-02-28 MAINTENANCE DATA REVISION NUMBER :112 . PERFORMED M320-46-2050 (EO) REV. B  EFB SYSTEM PROVISIONS INSTALLATION AS PER M320-46-2050 & NAVAERO DOC NO. 0125-SB-A321-002/SB (RV.A).",
11075732,A320,EI-DEM AIRBUS A320-214,,,,26-20,1/25/2025,1/28/2025,60,3148355.0,AFT,892480,EI,"WORKSTEPS DESCRIPTIONS:
2025-01-25: 
 -REPLACE PN:892480 SN:28268 (PORTABLE FIRE EXT BOTTLE (WATER)). INSTALLED AT: AFT(AFT). INFO/TRIGGERED BY: 892480/28268 I(INSPECTION) RP/MPD 262441-0X-1 & 262400-XX-1 / 892480 WEIGH CHECK & PROP. CARTRIDGE","ACTIONS:
- 2025-01-28 PN:892480 SN:28268 REPLACED IAW AMM 26-24-41 REV 111",
11774983,A21N,EI-XLR AIRBUS A321-253NY,,,,May-00,3/23/2025,3/24/2025,0,71026.0,,,EI,"WORKSTEPS DESCRIPTIONS:
2025-03-23: PERFORM CHECK: A320 RAMP CHECK (RAMP)
 -PERFORM CHECK: RAMP, A320 RAMP CHECK. INTERVAL: 72/HR IAW ALD431","ACTIONS:
- 2025-03-24 PERFORM CHECK: A320 RAMP CHECK (RAMP)RAMP PERFORMED PER ALD431 (LATEST REVISION) & SIGNED IN ALD689.",
11643994,A333,EI-EIL AIRBUS A330-302,,,,75-00,5/22/2025,5/30/2025,120,4311253.0,NO2ENG,CF6-80E1A4B,EI,"WORKSTEPS DESCRIPTIONS:
2025-05-22: 
 -PERFORM R330-75-0205 COMPONENT (REPEAT EO) REV. D. PARTNO : CF6-80E1A4B / SERIALNO : 811450.          POWER PLANT, CF6 A4/B POWER.          POS: NO2ENG. . LPTACC MANIFOLDS - INSPECT SPRING WASHERS FOR CONDITION. . REFERENCE: . INSPECT THE ENGINE LPTACC MANIFOLDS AS PER THE ATTACHED INSTRUCTION. SHEET R330-75-0205 ISSUE B.","ACTIONS:
- 2025-05-30 MAINTENANCE DATA REVISION NUMBER :112. INSPECED THE ENGINE LPTACC MANIFOLDS AS PER THE ATTACHED INSTRUCTION SHEET R330-75-0205 ISSUE B.",
11976251,A333,EI-FNH AIRBUS A330-302,,,,0,4/29/2025,4/30/2025,60,1937990.0,,,EI,"WORKSTEPS DESCRIPTIONS:
2025-04-29: 
 -PERFORM S330-00-2003 (EO) REV. A. . TECH LOG PART A / PART B CONTENTS REALLOCATION. . REFERENCE: . CARRY OUT THE REALLOCATION OF TECH LOG PART A / PART B CONTENTS AS PER THE ATTACHED EOIS S330-00-2003 REV A","ACTIONS:
- 2025-04-30 MAINTENANCE DATA REVISION NUMBER : 112      . . TECH LOG PART A / PART B CONTENTS REALLOCATION CARRIED. OUT AS PER INSTRUCTIONS IN EOIS  S330-00-2003 REV A",
11623330,A20N,EI-NSA AIRBUS A320-251N,,,,20-May,3/6/2025,3/16/2025,0,328605.0,,,EI,"WORKSTEPS DESCRIPTIONS:
2025-03-06: PERFORM 10 DAY
 -PERFORM CHECK: 10 DAY, CHECK. INTERVAL: 10/D","ACTIONS:
- 2025-03-16 PERFORM 10 DAY10 DAY PERFORMED IAW TASKCARDS. APU SERVICE DATA. APU S/N:P9836. HOURS:4768. CYCLES:10415",
11591875,A320,EI-GAL AIRBUS A320-214,,,,46-26,4/30/2025,5/10/2025,30,2834556.0,,,EI,"WORKSTEPS DESCRIPTIONS:
2025-04-30: UPDATING OF EFB NAVIGATION CHARTS
 -PERFORM R3XX-46-2002 (REPEAT EO) REV. A. . UPDATING OF EFB LIDO NAVIGATION CHARTS. . REFERENCE: . BACKGROUND: THE EFB IS AN IMPORTANT TOOL IN THE DAILY OPERATION OF THE FLEET, WITH THE SYSTEM BEING USED ON EVERY SECTOR TO CALCULATE TAKE-OFF AND LANDING PERFORMANCE DATA AND TO PROVIDE CREWS WITH THE NAVIGATION CHARTS REQUIRED FOR FLIGHT.  NAVIGATION CHARTS NEED TO BE UPDATED EVERY 28 DAYS AS WITH THE FMGC SYSTEM.. . ACTION:  . 1. PLEASE UPDATE THE NAVIGATION CHARTS ON THE CAPTAIN AND FIRST OFFICER EFB`S IN ACCORDANCE WITH SECTION 6.9 OF THE EFB LINE MAINTENANCE MANUAL LOCATED ON THE TECHWEB.  . . 2. CLEARLY RECORD THE VERSION  OF THE EFB DATABASE CYCLE THAT HAS BEEN LOADED IN THE CLOSING SECTION OF THIS WORKORDER.. . . . ..................................................END","ACTIONS:
- 2025-05-10 R3XX-46-2002 (REPEAT EO) REV. A PERFORMED . . EFB NAVIGATION CHARTS UPDATED IN ACCORDANCE WITH EFB LINE MAINTENANCE MANUAL REV.3  INSTALLED CYCLE 2519 [08MAY-11JUN]",
12223561,A333,EI-FNG AIRBUS A330-302,,,,May-00,6/10/2025,6/11/2025,0,1983363.0,,,EI,"WORKSTEPS DESCRIPTIONS:
2025-06-10: PERFORM CHECK: A330 - DAILY CHECK (DAILY CHECK)
 -PERFORM CHECK: DAILY CHECK, A330 - DAILY CHECK. INTERVAL: 1/D IAW DAILY CHECK DOCUMENT WORKSHEET","ACTIONS:
- 2025-06-11 PERFORM CHECK: A330 - DAILY CHECK (DAILY CHECK)DAILY CHECK PERFORMED TO THE LATEST REVISION OF ALD 426",
11104332,A320,EI-DEI AIRBUS A320-214,,,,72-23,2/14/2025,,180,,NO2ENG,CFM56-5B4P,EI,"WORKSTEPS DESCRIPTIONS:
2025-02-14: 
 -PERFORM R320-72-2063 COMPONENT (REPEAT EO) REV. A. PARTNO : CFM56-5B4P / SERIALNO : 697256.          ENGINE CFM56.          POS: NO2ENG. . POWERPLANT - FAN CASE B1 FLANGE BRACKET - REPLACEMENT AND RE-TORQUE OF. FAN CASE BOLTS AT THREE LOCATIONS. REFERENCE: RA32071-152/SB (RV.02). . PERFORM THE ACCOMPLISHMENT INSTRUCTIONS OF RA32071-152 R2 ATTACHED.",,"PARTS:
- 2024-11-04 642-9833-501: BRACKET || ata_chapter: 71-51
- 2024-11-04 NAS1805-4P: NUT, THRUST REVERSER || ata_chapter: 71-00
- 2024-11-04 238-0655-503: BRACKET || ata_chapter: 00-00
- 2024-11-04 NAS1149E0432R: WASHER || ata_chapter: 71-00
- 2024-11-04 NAS1149E0432R: WASHER || ata_chapter: 71-00
- 2024-11-04 642-9827-501: BRACKET || ata_chapter: 71-51
- 2024-11-04 AS3237-08: BOLT || ata_chapter: 25-00
- 2024-11-04 AS3237-16: BOLT || ata_chapter: 25-00
- 2024-11-04 642-3031-501: BRACKET || ata_chapter: 00-00"
11597860,A21N,EI-LRE AIRBUS A321-253NX,,,,20-May,2/4/2025,2/13/2025,0,901357.0,,,EI,"WORKSTEPS DESCRIPTIONS:
2025-02-04: PERFORM 10 DAY
 -PERFORM CHECK: 10 DAY, CHECK. INTERVAL: 10/D","ACTIONS:
- 2025-02-13 PERFORM 10 DAYPERFORMED 10 DAY  CHECK AS PER GIVEN INSTRUCTIONS. ( AMM REV 111)",
50012947,A320,EI-DVE AIRBUS A320-214,6982.0,C,33-40-06A,33-46,4/26/2025,4/27/2025,0,2852944.0,,,EI,"WORKSTEPS DESCRIPTIONS:
2025-04-26: 
 -T/O LIGHT NOT WOKRING","ACTIONS:
- 2025-04-26 T/O LIGHT TRANSFERED TO DDR IAW MEL 33-40-06A
- 2025-04-27 MAINTENANCE DATA REVISION NUMBER :112. . T/O LIGHT RELAMPED & TESTED OK IAW AMM: 33-46-11-960-001-A REV112",
904507,A333,EI-DUZ AIRBUS A330-302,8772.0,C,36-11-07C,36-11,1/10/2025,1/10/2025,0,4229325.0,,,EI,"WORKSTEPS DESCRIPTIONS:
2025-01-10: 
 -ON TAXI OUT FOR DEP ENG #1 HP VALVE NOT OPEN + INTERMITTENT PACK 1 FAULT WITH INCREASED THRUST HP VALVE WOULD OPEN + PACK OPS NORMAL","ACTIONS:
- 2025-01-10 DDR RAISED FOR AIR ENG #1 HPV NOT OPEN IAW MEL 36-11-07C CAT `C`. EXPIRES 19JAN25 @ 23:59 Z
- 2025-01-10 OPERATIONAL TEST OF ENG #1 HP BLEED VLV CARRIED OUT IAW AMM:36-11-71-00-860-808A R110...",
11675727,A20N,EI-NSB AIRBUS A320-251N,,,,May-00,3/10/2025,3/10/2025,0,314635.0,,,EI,"WORKSTEPS DESCRIPTIONS:
2025-03-10: PERFORM CHECK: A320 RAMP CHECK (RAMP)
 -PERFORM CHECK: RAMP, A320 RAMP CHECK. INTERVAL: 24/HR IAW ALD431","ACTIONS:
- 2025-03-10 PERFORM CHECK: A320 RAMP CHECK (RAMP)RAMP PERFORMED PER ALD431 (LATEST REVISION) & SIGNED IN ALD689.",
11773575,A21N,EI-XLR AIRBUS A321-253NY,,,,31-39,6/24/2025,7/1/2025,30,158170.0,,,EI,"WORKSTEPS DESCRIPTIONS:
2025-06-24: 
 -PERFORM R320-31-2010 (EO) REV. A. . ELT SPURIOUS ECAM WARNING CONFIDENCE CHECK. . REFERENCE: . BACKGROUND:. REF: ISI 31.39.00003, . REF: TN 2664 ISSUE 02. THIS EO HAS BEEN ISSUED IN ORDER TO CARRY OUT A ELT CONFIDENCE CHECK EVERY 28 DAYS, CONFIRMING A SPURIOUS CONDITION WITH TSM 31-39-00-810-813-A. ACTION OF THIS CHECK IN CONJUNCTION WITH MEL 25-00-01 MEANS THE ECAM MAINTENANCE STATUS ELT CAN BE DISREGARDED BY ENGINEERS AND PILOTS BEFORE FLIGHT.. . WORK INSTRUCTIONS:. . 1. CARRY OUT TSM TASK 31-39-00-810-813-A IN ORDER TO CONFIRM A SPURIOUS CONDITION FOR ECAM MAINTENANCE STATUS *ELT* . . NOTE:. A SPURIOUS MESSAGE DOES NOT IMPACT THE ELT-DT FUNCTION AND OPERATION AND CAN BE DISREGARDED.. . NOTE: . IF ECAM MAINTENANCE STATUS *ELT* IS NOT PRESENT DURING ACCOMPLISHMENT OF THIS TASK, PLEASE NOTE IN THE CLOSING SECTION OF THE WORKORDER. . . . . ....................END","ACTIONS:
- 2025-07-01 MAINTENANCE DATA REVISION NUMBER :113. ELT SPURIOUS ECAM WARNING CONFIDENCE CHECK PERFORMED SATISFACTORY I.A.W R320-31-2010 (EO) REV. A.",
12231231,A20N,EI-NSA AIRBUS A320-251N,,,,May-00,6/17/2025,6/19/2025,0,366870.0,,,EI,"WORKSTEPS DESCRIPTIONS:
2025-06-17: PERFORM CHECK: A320 RAMP CHECK (RAMP)
 -PERFORM CHECK: RAMP, A320 RAMP CHECK. INTERVAL: 24/HR IAW ALD431","ACTIONS:
- 2025-06-19 PERFORM CHECK: A320 RAMP CHECK (RAMP)RAMP PERFORMED PER ALD431 (LATEST REVISION) & SIGNED IN ALD689.",
11817841,A21N,EI-LRA AIRBUS A321-253NX,,,,20-May,5/21/2025,5/29/2025,0,1222224.0,,,EI,"WORKSTEPS DESCRIPTIONS:
2025-05-21: PERFORM 10 DAY
 -PERFORM CHECK: 10 DAY, CHECK. INTERVAL: 10/D","ACTIONS:
- 2025-05-29 PERFORM 10 DAYC/O 10 DAY, CHECK IAW W/P. APU S/N- P8296. HRS-6402. CYC-10224",
7845256,A320,EI-GAM AIRBUS A320-214,,,,27-00,3/5/2025,,360,,,,EI,"WORKSTEPS DESCRIPTIONS:
2025-03-05: AIRWORTHINESS DIRECTIVE
 -MANDATORY: PERFORM R320-27-1005 (REPEAT EO) REV. I. . CHECK OF THE ELEVATOR SERVO CONTROLS AND ELEVATOR HINGE BEARINGS FOR. PLAY AND CONDITION. REFERENCE: EU-2007-0163R1/AD (RV.01). ACCOMPLISH INSPECTION IN ACCORDANCE WITH THE ATTACHED INSTRUCTION. SHEET R320-27-1005 REV I.",,
11673315,A320,EI-DEH AIRBUS A320-214,,,,26-16,3/4/2025,3/13/2025,60,3247424.0,4WQ,PPA1203-00,EI,"WORKSTEPS DESCRIPTIONS:
2025-03-04: REPLACEMENT OF LAVATORY SMOKE DETECTOR
 -PERFORM M320-26-2009 COMPONENT (EO) REV. A. PARTNO : PPA1203-00 / SERIALNO : 46250.          SMOKE DETECTOR, LAVATORY.          POS: 4WQ. . FIRE PROTECTION - DETECTION - REPLACE SMOKE DETECTORS IN. LAVATORIES AND CARGO HOLD. REFERENCE: A320-26-1081/SB (RV.01). BACKGROUND: . DUE TO RELIABILITY ISSUES, THE LAVATORY SMOKE DETECTOR PN PPA1203-00 WILL REQUIRE REPLACEMENT BY A MORE ROBUST PN PPA1204-00 OR PN PPA1205-01. SB A320-26-1081 R01 HAS BEEN SET UP TO INCORPORATE THIS CHANGE AND LINKED TO THIS DOCUMENT FOR REFERENCE. PLEASE SEE IPC 26-17-01 AND 26-17-04 FOR INTERCHANGEABILITY. . . WORK INSTRUCTIONS:  . . 1. REPLACE THE LAVATORY SMOKE DETECTOR PN PPA1203-00 WITH PN PPA1204-00 OR PN PPA1205-01 IN ACCORDANCE WITH AMM TASK 26-17-15-04.. . NOTE: . WHEN ALL AFFECTED PN`S HAVE BEEN REPLACED, ACCOMPLISHMENT OF SB A320-26-1081 R01 WILL BE ACTIONED ON AMOS.  . . . ......................................END","ACTIONS:
- 2025-03-13 REPLACEMENT OF LAVATORY SMOKE DETECTORSMOKE DETECTOR 4WQ REPLACED IAW AMM 26-17-15-000/400-007-A, REV 112.. OP TEST OK IAW AMM 26-17-00-710-001, REV 112.",
12238825,A333,EI-GCF AIRBUS A330-302,,,,May-00,6/24/2025,6/25/2025,0,1891587.0,,,EI,"WORKSTEPS DESCRIPTIONS:
2025-06-24: PERFORM CHECK: A330 - DAILY CHECK (DAILY CHECK)
 -PERFORM CHECK: DAILY CHECK, A330 - DAILY CHECK. INTERVAL: 1/D IAW DAILY CHECK DOCUMENT WORKSHEET","ACTIONS:
- 2025-06-25 DAILY CHECK PERFORMED TO THE LATEST REVISION OF ALD 426",
10020057,A333,G-EIDY AIRBUS A330-302,9711.0,C,30-21-01B,30-21,4/5/2025,4/7/2025,0,3848903.0,,,EI,"WORKSTEPS DESCRIPTIONS:
2025-04-05: 
 -ENG 2 ANTI VALVE FAILED CLOSED","ACTIONS:
- 2025-04-05 TO DDR MEL 30-21-01B CAT C EXP 16APR25 @2359Z. DEACTIVATED IN OPEN POSITION
- 2025-04-07 ENG 2 A.ICE VALVE REPLACED IAW AMM 30-21-51-400-802A, OPS TEST PERFORMED & LEAK CHECK VIA ENG GND RUN. ALL CHECKS SATIS
- 2025-04-07 TR & FAN CLOSED AND LATCHED
- 2025-04-07 TR & FAN COWL CONFIRMED CLOSED AND LATCHED",
11544710,A333,EI-EAV AIRBUS A330-302,,,,21-Dec,3/13/2025,4/4/2025,120,3824062.0,,,EI,"WORKSTEPS DESCRIPTIONS:
2025-03-13: 
 -PERFORM R3XX-12-2001 (REPEAT EO) REV. A. . FLIGHT DECK CLEANING. . REFERENCE: . PLEASE CARRY OUT THE REQUIREMENTS OF EO R3XX-12-2001 REV A1","ACTIONS:
- 2025-04-04 MAINTENANCE DATA REVISION NUMBER : 111. . . FLIGHT DECK CLEANING CARRIED OUT I.A.W   R3XX-12-2001 (REPEAT EO) REV. A",
11622782,A320,EI-GAM AIRBUS A320-214,,,,May-00,1/28/2025,1/30/2025,0,2778563.0,,,EI,"WORKSTEPS DESCRIPTIONS:
2025-01-28: PERFORM CHECK: A320 RAMP CHECK (RAMP)
 -PERFORM CHECK: RAMP, A320 RAMP CHECK. INTERVAL: 24/HR IAW ALD431","ACTIONS:
- 2025-01-30 PERFORM CHECK: A320 RAMP CHECK (RAMP)RAMP PERFORMED PER ALD431 (LATEST REVISION) & SIGNED IN ALD689.",
11821543,A333,EI-DUZ AIRBUS A330-302,,,,May-00,4/25/2025,4/26/2025,0,4306858.0,,,EI,"WORKSTEPS DESCRIPTIONS:
2025-04-25: PERFORM CHECK: A330 - DAILY CHECK (DAILY CHECK)
 -PERFORM CHECK: DAILY CHECK, A330 - DAILY CHECK. INTERVAL: 1/D IAW DAILY CHECK DOCUMENT WORKSHEET","ACTIONS:
- 2025-04-26 PERFORM CHECK: A330 - DAILY CHECK (DAILY CHECK)MAINTENANCE DATA REVISION NUMBER : 23.. DAILY CHECK PERFORMED TO THE LATEST REVISION OF ALD 426.",
9950145,A333,EI-EIM AIRBUS A330-302,,,,23-13,4/1/2025,5/15/2025,120,1211663.0,,,EI,"WORKSTEPS DESCRIPTIONS:
2025-04-01: ROTATION OF RMP UNITS
 -PERFORM R3XX-23-2003 (REPEAT EO) REV. A. . RELIABILITY ACTION ITEM FOR RADIO MANAGEMENT PANEL (RMP) SWAPPING. . REFERENCE: . BACKGROUND: RELIABILITY ACTION ITEM FOR RADIO MANAGEMENT PANEL (RMP) SWAPPING RMP 3 IS OFTEN SWAPPED INTO POSITION #1 FOR DISPATCH HOWEVER THE RMP IN POSITION #3 IS OFTEN DEFECTIVE AS WELL. ROTATION WILL MEAN THAT RMP UNITS ARE SUBJECT TO A MORE EVEN RATE OF USE.. . DESIRED ACTION: PLEASE REPOSITION RMP`S BY ROTATING CLOCKWISE, IE SWAP #1 RMP TO POSITION #2, #2 RMP TO POSITION #3 AND #3 RMP TO POSITION #1.. . A320 FLEET. . PERFORM:. ROTATE RMPS 1,2,3 IAW;. 1. TASK 23-13-13-000-001-A REMOVAL OF THE RADIO MANAGEMENT PANEL (RMP). 2. TASK 23-13-13-400-001-A INSTALLATION OF THE RMP. 3. AFTER SWAPPING PERFORM TEST ON ALL INSTALLED UNITS IAW . TASK 23-13-00-710-001-A OPERATIONAL TEST OF THE RMP. 4. RAISE A TAQ TO PLANNING OUTLINING THE NEW POSITIONS OF THE RMPS.  . NOTE:. THE AMM POST INSTALLATION CALLS FOR BITE TEST, HOWEVER THE OPERATIONAL TEST 23-13-00-710-001-A IS PREFERRED AS IT MAY PICK UP A DEFECT WITH THE BUTTONS AND LIGHTS  . . A330 FLEET . . PERFORM:. ROTATE RMPS 1,2,3 IAW;. 1. TASK 23-81-13-000-801-A REMOVAL OF THE RADIO MANAGEMENT PANEL (RMP). 2. TASK 23-81-13-400-801-A INSTALLATION OF THE RMP. 3. AFTER SWAPPING PERFORM TEST ON ALL INSTALLED UNITS IAW. TASK 23-81-00-710-801-A OPERATIONAL TEST OF THE RMP. 4. RAISE A TAQ TO PLANNING OUTLINING THE NEW POSITIONS OF THE RMPS. . NOTE:. THE AMM POST INSTALLATION CALLS FOR BITE TEST,HOWEVER THE OPERATIONAL TEST 23-13-00-710-801-A IS PREFERRED AS IT MAY PICK UP A DEFECT WITH THE BUTTONS AND LIGHTS","ACTIONS:
- 2025-05-15 ROTATION OF RMP UNITSMAINTENANCE DATA REVISION NUMBER : 112. . PERFORMED ROTATION OF RMPS 1,2,3 IAW AMM TASK 23-81-13-000-801-A AND IAW AMM TASK 23-81-13-400-801-A    . . PERFORMED TEST ON ALL INSTALLED UNITS IAW AMM TASK 23-81-00-710-801-A     . . TAQ RAISED TO PLANNING WITH NEW POSITIONS",
11623433,A21N,EI-LRH AIRBUS A321-253NX,,,,72-00,2/11/2025,3/18/2025,240,912586.0,NO2 ENG,LEAP-1A33,EI,"WORKSTEPS DESCRIPTIONS:
2025-02-11: 
 -MANDATORY: PERFORM LEAP-1A-72-00-0472 COMPONENT (SB) REV. 02. PARTNO : LEAP-1A33 / SERIALNO : 59A146.          LEAP-ENGINE.          POS: NO2 ENG. . ENGINE - CORE MODULE ASSEMBLY (72-00-02) - ON-WING INSPECTION OF LEAP-. 1A HPT ACC AIR MANIFOLDS, MANIFOLD BRACKETS, AND HPT CASE. REFERENCE: . . BACKGROUND: ON-WING INSPECTION OF LEAP-1A HPT ACC AIR MANIFOLDS, MANIFOLD BRACKETS AND HPT CASE. . THE HPT ACC SYSTEM HAS FIVE SUPPORT LOCATIONS ON EACH HPT ACC AIR MANIFOLD. THE MANIFOLD AND SUPPORT BRACKETS (INTEGRAL AND MOUNTING BRACKETS) OF THE HPT ACC MANIFOLD SYSTEM MAY EXHIBIT CRACKING OR MISSING MATERIAL.. . ACTION:. . 1. GAIN ACCESS TO A/C . . 2. ACCOMPLISH INTENT OF LEAP SB 72-00-0472 R02 IN FULL . . NOTE 1: IF YOU FIND CRACKS, COMPLETE THE ATTACHED CFM FIELD REPORT TEMPLATE REV 3 AND SEND IT TO POWERPLANT VIA TAQ . . NOTE 2: PLEASE ENSURE TO CLEARLY STATE REDUCED INSPECTION INTERVAL ON THE WORK ORDER TO ENSURE INSPECTION INTEVALS ARE CAPTURED ACCURATELY.. . 3. RETURN A/C BACK TO A SERVICEABLE CONDITION.","ACTIONS:
- 2025-03-18 1. PERFORMED ON WING INSPECTION OF ENG #1 LEAP 1A HPT ACC AIR MANIFOLDS BRACKETS AND HPT CASE IAW LEAP 1A-72-00-0472 COMPONENT (SB) REV 02. . 2. FIELD REPORT COMPLETED AND SENT TO POWER PLANT VIA TAQ. . CRACKS FOUND. CONFORM WITH CRACKS FROM PREVIOUS INSPECTION (I/B LOWER MANIFOLD REPLACED REF WO 5001199898-0010",
11995890,A333,EI-FNH AIRBUS A330-302,,,,20-May,6/9/2025,6/18/2025,0,1980366.0,,,EI,"WORKSTEPS DESCRIPTIONS:
2025-06-09: PERFORM 10 DAY
 -PERFORM CHECK: 10 DAY, CHECK. INTERVAL: 10/D","ACTIONS:
- 2025-06-18 PERFORM 10 DAY10 DAILY ITEMS CARRIED OUT AMM 05-20-00 REV112",
11657806,A320,EI-DVE AIRBUS A320-214,,,,May-00,2/27/2025,2/27/2025,0,2828455.0,,,EI,"WORKSTEPS DESCRIPTIONS:
2025-02-27: PERFORM CHECK: A320 RAMP CHECK (RAMP)
 -PERFORM CHECK: RAMP, A320 RAMP CHECK. INTERVAL: 24/HR IAW ALD431","ACTIONS:
- 2025-02-27 PERFORM CHECK: A320 RAMP CHECK (RAMP)RAMP PERFORMED PER ALD431 (LATEST REVISION) & SIGNED IN ALD689.",
11617734,A332,EI-GEY AIRBUS A330-202,,,,00-00,1/21/2025,1/21/2025,3,4910241.0,,,EI,"WORKSTEPS DESCRIPTIONS:
2025-01-21: UPDATE TECH. LOG: PART A WITH REVISED: ALD426
 -MANDATORY: PERFORM S3XX-00-2008 (EO) REV. 01. . TECHNICAL LOG CONTENTS UPDATE - CONTENTS PART A UPDATE. ALD426 DAILY CHECK UPDATE. REFERENCE: . . BACKGROUND: . THIS EO S3X-00-2007, REV: 01 HAS BEEN RAISED TO UPDATE TECH. LOG: PART A WITH REVISED CONTENTS: ALD426 ON A330 FLEET.. . INSTRUCTION:. . GAIN ACCESS TO TECH. LOG PART A, AND REPLACE ALD426, REV. 22 WITH LATEST COPY (AVAILABLE ON TECHWEB AND ALSO LINKED TO WORKORDER).","ACTIONS:
- 2025-01-21 UPDATE TECH. LOG: PART A WITH REVISED: ALD426TECHNICAL LOG CONTENTS UPDATE - CONTENTS PART A UPDATE ALD426 DAILY CHECK UPDATED. AS REQUESTED ",
11800617,A320,EI-DEI AIRBUS A320-214,,,,20-May,5/18/2025,5/28/2025,0,3085902.0,,,EI,"WORKSTEPS DESCRIPTIONS:
2025-05-18: PERFORM 10 DAY
 -PERFORM CHECK: 10 DAY, CHECK. INTERVAL: 10/D","ACTIONS:
- 2025-05-28 PERFORM 10 DAYWORK PERFORMED AS PER THE TASK CARD REQUIREMENTS.. APU SERVICE DATA . S/N:  R2146. HOURS:  34421. CYCLES:  69091. OIL LEVEL: OK",
11427253,A320,EI-DEG AIRBUS A320-214,,,,34-10,2/18/2025,6/15/2025,240,3256376.0,9DA1,0851MC,EI,"WORKSTEPS DESCRIPTIONS:
2025-02-18: 0851MC - 32F & 33F PITOT CLEAN-INSPECTION of PITOT PROBE(0851MC/418477
 -PERFORM ON PN:0851MC SN:418477 (PITOT PROBE). INSPECTION (0851MC - 32F & 33F PITOT CLEAN). OW/MPD 341300-XX-1 - PITOT CLEAN. INSTALLED AT: 9DA1(PROBE-PITOT, 1). CLEANING OF THE PITOT PROBE IAW AMTOSS 341000-170-004 REF: ISI 34.13.00004  . NOTE 1: TASK TO BE PERFORMED ALTERNATELY ON PITOT 1, 2 AND 3. . NOTE 2: OBSERVE INDEPENDENT INSPECTION REQUIREMENTS. . NOTE 3: PLEASE MAKE ENG ENTRY IN TECH LOG TO INDICATE WHICH PROBE REQUIRES CLEANING AND CERTIFY POST CLEANING ACCORDINGLY.","ACTIONS:
- 2025-06-14 0851MC - 32F & 33F PITOT CLEAN-INSPECTION OF PITOT PROBE(0851MC/418477CLEANING OF THE PITOT PROBE CARRIED OUT IAW AMM 34-10-00-170-004, REV 113.. INDEPENDENT INSPECTION PERFORMED.
- 2025-06-14 IND INSPECTIONIND INSPECTION 1 PERFORMED
- 2025-06-15 2ND INSPIND INSP CARRIED OUT",
12241506,A333,EI-EIN AIRBUS A330-302,,,,May-00,6/28/2025,6/29/2025,0,1193277.0,,,EI,"WORKSTEPS DESCRIPTIONS:
2025-06-28: PERFORM CHECK: A330 - DAILY CHECK (DAILY CHECK)
 -PERFORM CHECK: DAILY CHECK, A330 - DAILY CHECK. INTERVAL: 1/D IAW DAILY CHECK DOCUMENT WORKSHEET","ACTIONS:
- 2025-06-29 PERFORM CHECK: A330 - DAILY CHECK (DAILY CHECK)MAINTENANCE DATA REVISION NUMBER : 112.. DAILY CHECK PERFORMED TO THE LATEST REVISION OF ALD 426.",
11593056,A21N,EI-XLR AIRBUS A321-253NY,,,,56-10,1/16/2025,1/22/2025,60,23748.0,,,EI,"WORKSTEPS DESCRIPTIONS:
2025-01-16: 
 -PERFORM R320-56-2009 (REPEAT EO) REV. A. . INSPECTION OF SLIDING WINDOWS WITH SUCTION CUPS. . REFERENCE: . BACKGROUND: UNTIL FULL EFB INSTALLATION, THE AIRCRAFT WILL OPERATE WITH SUCTION CUPS FITTED TO THE SLIDING WINDOWS (LH/RH). A VISUAL INSPECTION FOR ANY SIGNS OF WINDOW DAMAGE DUE TO THE SUCTION CUPS IS REQUIRED.. . ACTION:. 1. OBSERVE ALL SAFETY PRECAUTIONS.. 2. CARRY OUT DETAILED INSPECTION OF THE SLIDING WINDOWS (LH/RH) FROM THE INSIDE  FOR SIGNS DAMAGE FROM THE SUCTION CUPS (E.G. MELTING/BUBBLING) REF. AMM TASK 56-12-11-200-001.. 3. IN THE EVENT OF FINDINGS,  FOLLOW THE AMM FOR ALLOWABLE CRITERIA, UPDATE THE WINDOW DAMAGE CHARTS AND SEND A TAQ TO ENGINEERING ( SYSTEMS) FOR INFO.. 4. RETURN THE AIRCRAFT TO A SERVICEABLE CONDITION.","ACTIONS:
- 2025-01-22 INSPECTION OF SLIDING WINDOWS (RH/LH) FOR DAMAGE FROM THE EFB SUCTION CUP IAW AMM 56-12-11-200-001 REV 111",
12231221,A320,EI-DVN AIRBUS A320-214,,,,May-00,6/18/2025,6/18/2025,0,2227057.0,,,EI,"WORKSTEPS DESCRIPTIONS:
2025-06-18: PERFORM CHECK: A320 RAMP CHECK (RAMP)
 -PERFORM CHECK: RAMP, A320 RAMP CHECK. INTERVAL: 24/HR IAW ALD431","ACTIONS:
- 2025-06-18 RAMP PERFORMED PER ALD431 (LATEST REVISION) & SIGNED IN ALD689.",
12225374,A320,EI-DEN AIRBUS A320-214,,,,24-21,6/18/2025,7/3/2025,30,3254426.0,NO2ENG,1708897,EI,"WORKSTEPS DESCRIPTIONS:
2025-06-18: 1708897 INTEGRATED DRIVE GENERATOR-SERVICING of INTEGRATED DRIVE GENER
 -<p style=""margin-top:0; margin-bottom:0;"">CHECK IDG OIL LEVEL AND DIFFERENTIAL PRESSURE INDICATOR.<br>. . <br>. . NOTE 1: IF THE UPLIFT FOR EITHER IDG IS GREATER THAN OR EQUAL TO 1 QUART, THEN RAISE A TAQ FOR INFORMATION PURPOSES DETAILING THE ACTUAL AMOUNT OF THE OIL UPLIFT AND POSITION OF IDG CONCERNED. IF THE UPLIFT IS LESS THAN 1 QUART ON BOTH IDG`s THEN NO TAQ IS NECESSARY.<br>. . <br>. . NOTE 2: DEPENDING ON OPERATING ENVIRONMENT AND OPERATORS EXPERIENCE, A LESS FREQUENT OR MORE<br>. . FREQUENT INITIAL INTERVAL MAY BE USED.</p>. . <p style=""margin-top:0; margin-bottom:0;"">&nbsp;</p>. . <p><strong>NOTE:</strong> ENSURE THERE IS A FAN COWL INDEPENDENT INSPECTION TECH. LOG ENTRY.<br>. . &nbsp;</p>","ACTIONS:
- 2025-07-03 CHECKED  IDG OIL LEVEL AND DIFFERENTIAL PRESSURE INDICATOR IAW AMM 24-21-00 REV 113",
11671715,A333,EI-GCF AIRBUS A330-302,,,,May-00,3/10/2025,3/11/2025,0,1787745.0,,,EI,"WORKSTEPS DESCRIPTIONS:
2025-03-10: PERFORM CHECK: A330 - DAILY CHECK (DAILY CHECK)
 -PERFORM CHECK: DAILY CHECK, A330 - DAILY CHECK. INTERVAL: 1/D IAW DAILY CHECK DOCUMENT WORKSHEET","ACTIONS:
- 2025-03-11 DAILY CHECK PERFORMED TO THE LATEST REVISION OF ALD 426",
7416656,A320,EI-DEH AIRBUS A320-214,,,,29-13,3/12/2025,,225,,,,EI,"WORKSTEPS DESCRIPTIONS:
2025-03-12: 
 -PERFORM R320-29-2010 (REPEAT EO) REV. B. . YELLOW MAIN HYDRAULIC POWER - INSPECTION OF BRACKET ON YELLOW. ELECTRICAL MOTOR PUMP HP LINE. REFERENCE: A320-29-1161/SB (RV.01). OBSERVING ALL SAFETY PRECAUTIONS CARRY OUT THE INSPECTION OF THE BRACKET ON THE YELLOW ELECTRICAL MOTOR PUMP HP LINE AS REQUIRED BY SB A320-29-1161 REV 1 AND EOIS R320-29-2010 REV B",,"PARTS:
- 2020-05-15 D2917000902000: PIPE || ata_chapter: 29-11
- 2020-05-15 D2917000102100: PIPE || ata_chapter: 29-11
- 2020-05-15 D2917000901000: TUBE || ata_chapter: 29-13
- 2020-05-15 D9357060320000: BRACKET || ata_chapter: 29-11
- 2020-05-15 AE4872G0155-025: HOSE || ata_chapter: 29-11"
11776465,A332,EI-GEY AIRBUS A330-202,,,,May-00,3/22/2025,3/23/2025,0,4921267.0,,,EI,"WORKSTEPS DESCRIPTIONS:
2025-03-22: PERFORM CHECK: A330 - DAILY CHECK (DAILY CHECK)
 -PERFORM CHECK: DAILY CHECK, A330 - DAILY CHECK. INTERVAL: 1/D IAW DAILY CHECK DOCUMENT WORKSHEET","ACTIONS:
- 2025-03-23 DAILY CHECK PERFORMED TO THE LATEST REVISION OF ALD 426",
50053503,A320,EI-DEM AIRBUS A320-214,7326.0,D,52-51-06A,52-51,6/6/2025,6/9/2025,0,3202932.0,,,EI,"WORKSTEPS DESCRIPTIONS:
2025-06-06: 
 -COCKPIT DOOR FAULT LIGHT DOES NOT ILLUMINATE WHEN DOOR IS OPEN, BULB ON TEST ILLUMINATES","ACTIONS:
- 2025-06-06 TROUBLESHOOTING CARRIED OUT IAW TSM 52-51-00-810-801 REV 113. FAULT CONFIRMED TO BE CENTRE STRIKER MICROSWITCH,. CENTRE STRIKER CONCIDERED U/S AND TRANSFERED TO DDR IAW MEL 52-51-06A
- 2025-06-09 CENTRE STRIKER MICROSWITCH REPLACED IAW . AMM 52-51-12-04 CONF 00 REV 113. . DOOR LOCK SYSTEM OPS TEST OK",
11800187,A21N,EI-LRC AIRBUS A321-253NX,,,,34-58,4/9/2025,4/29/2025,180,1151797.0,,,EI,"WORKSTEPS DESCRIPTIONS:
2025-04-09: SB A320-34-1887 REV 00 ACCOMPLISHMENT TO INSTALL MMR GLU-2100 STD L4.2
 -PERFORM A320-34-1887 (SB) REV. 00. . NAVIGATION - ILS - INSTALL MMR ROCKWELL COLLINS GLU-2100 STD L4.2 (NEO. ). REFERENCE: . BACKGROUND: . SEVERAL ISSUES HAVE BEEN DETECTED DURING THE CONTROLLED ENTRY INTO SERVICE OF MMR GLU-2100 L4.1 STD (OPS SW PN RCU4F0009000002).. . THIS SERVICE BULLETIN REPLACE THE TWO ROCKWELL COLLINS MULTI-MODE RECEIVERS (MMRS) GLU-2100, WITH PART NUMBER 822-2532-300 LOADED WITH OPS SW PN RCU490009000004 (STANDARD L4.2), TO PROVIDE THE REQUIRED CORRECTIONS AND IMPROVEMENTS. . . ACTION: . . 1. BEFORE PROCEEDING WITH THE MODIFICATION, PLEASE MAKE SURE THAT AVAILABLE MMR`S ARE LOADED WITH OPERATION SOFTWARE PN RCU490009000004.. . 2. PLEASE CARRY OUT INTENT OF AIRBUS SB A320-34-1887 REV 00 IN ACCORDANCE WITH ATTACHED EOIS A320-34-1887 REV A.1.. . 3. ONCE COMPLETED, PLEASE ISSUE A TAQ TO AVIONICS@AERLINGUS.COM SO THE SB CAN BE REPORTED BACK TO AIRBUS AND SW CONFIG FILE UPDATED.","ACTIONS:
- 2025-04-29 SB A320-34-1887 REV 00 ACCOMPLISHMENT TO INSTALL MMR GLU-2100 STD L4.2MAINTENANCE DATA REVISION NUMBER : 112. . REPLACED MMR 1+2 IAW AMM 34-36-31. CARRIED OUT BITE TEST OF THE MMR IAW AMM 34-36-00-740-007.	. CARRIED OUT LAND CAT III CAPABILITY TEST IAW AMM 22-97-00-710-001.. TEST SATISFACTORY. . INSTALLED MMR COMPUTERS WERE LOADED WITH SOFTWARE PN RCU490009000004 AND TAQ RAISED TO AVIONICS
- 2025-04-29 INDEPENDENT INSPECTION CARRIED OUT POST MMR INSTALLATION IN ACCORDANCE WITH . MOE 2.23.1 ISS.2 REV.1
- 2025-04-29 INSPECTION CARRIED OUT POST MMR INSTALLATION IN ACCORDANCE WITH . MOE 2.23.1 ISS.2 REV.1",
11640473,A320,EI-DEO AIRBUS A320-214,,,,80-11,3/25/2025,4/20/2025,60,3080582.0,NO2 ENG,3505582-27,EI,"WORKSTEPS DESCRIPTIONS:
2025-03-25: 
 -PERFORM ON PN:3505582-27 SN:YG440071-J (STARTER). SERVICING (STARTER-801110-C2-1-REPLENISH OIL SYS). OW/MPD 801110-C2-1-REPLENISH OIL SYS. INSTALLED AT: NO2 ENG(#2 ENGINE). INSTALLED IN PN:CFM56-5B43 SN:643383 (TECH ENGINE, CFM56) (POS:NO2 ENG). (POS DESCR:#2 ENGINE). REPLENISH OIL SYSTEM. . RECORD PART AND BATCH NUMBER OF ANY PARTS USED IN THE MATERIAL USED SECTION OF THE TASK CARD AND ON THE AMOS WORKORDER..  . NOTE: ENSURE THERE IS A FAN COWL INDEPENDENT INSPECTION TECH. LOG ENTRY","ACTIONS:
- 2025-04-20 MAINTENANCE DATA REVISION NUMBER :112. . REPLENISHED OIL SYSTEM ON ENG #2 STARTER (PN:3505582-27 SN:YG440071-J) I.A.W AMM 12-13-80-610-002-B REV 112.",
11381642,A21N,EI-LRD AIRBUS A321-253NX,,,,21-61,6/30/2025,,180,,,,EI,"WORKSTEPS DESCRIPTIONS:
2025-06-30: 
 -PERFORM R320-21-2009 (REPEAT EO) REV. A. . RH PACK COMPRESSOR OUTLET TEMPERATURE SENSOR 32HH CLEANING. . REFERENCE: . PLEASE CARRY OUT THE REQUIREMENTS OF EOIS R320-21-2009 A. ON THE RH PACK.",,"PARTS:
- 2025-02-24 9105A0005-02: TEMPERATURE SENSOR || ata_chapter: 21-61
- 2025-02-24 IS0PR0PYEX5LT: ISO PROPYL ALCOHOL 5 LTR DRUM || ata_chapter: 25-00
- 2025-02-24 AS3582-017: PACKING || ata_chapter: 25-00
- 2025-02-24 NYC065: COATING, VASELINE || ata_chapter: 25-00
- 2025-02-24 2301-15: PIPE || ata_chapter: 21-52"
50012883,A20N,EI-NSE AIRBUS A320-251N,,,,25-33,4/23/2025,6/15/2025,0,147487.0,,,EI,"WORKSTEPS DESCRIPTIONS:
2025-04-23: 
 -REAR GALLEY CART EXTRACT LEVER BROKEN","ACTIONS:
- 2025-04-23 REAR GALLEY 511MR CART EXTRACTOR TX TO DDR IAW MEL 00-02 CAT D 120 DAYS
- 2025-06-15 REAR GALLEY 511MR CART EXTRACTOR PULL HANDLE REPLACED IAW AMM 25-33-00 REV113",
4412311,A320,EI-EDP AIRBUS A320-214,10279.0,F,00-02,38-12,5/3/2025,5/5/2025,0,2552288.0,,,EI,"WORKSTEPS DESCRIPTIONS:
2025-05-03: 
 -FWD GALLEY SINK BLOCKED.","ACTIONS:
- 2025-05-05 FWD GALLEY SINK UNBLOCKED. IAW AMM 38-32-00 REV 112
- 2025-05-03 PLEASE OPERATE PER MEL 00-02. CAT `D` ITEM EXPIRES 31/08/2025 @ 23:59. . *****************************************************************************************",
12216487,A21N,EI-XLU AIRBUS A321-253NY,,,,Nov-00,5/29/2025,,120,,,,EI,"WORKSTEPS DESCRIPTIONS:
2025-05-29: 
 -PERFORM M320-11-2059 (MODIFICATION EO) REV. D. . INSTALLATION OF ADDITIONAL INTERNAL AND EXTERNAL PLACARDS AND. DECALS FOR AIRCRAFT ENTRY INTO SERVICE. REFERENCE: SB P21 A320-11-0053/CB (RV.04). OBSERVING ALL SAFETY PRECAUTIONS CARRY OUT INSTALLATION OF:. - CABIN LUGGAGE STOWAGE INSTRUCTIONS PLACARDS, . - WIFI PLACARDS, AND. - APU INSTRUCTIONS PLACARD ON NLG DOOR  . AS PER ATTACHED AERO INSPECTION BULLETIN SB P21 A320-11-0053 REV 4.",,"PARTS:
- 2025-05-28 GRX900P15704: PLACARD NOSE LANDING GEAR || ata_chapter: 11-00
- 2025-05-28 411-14: CLEARCOAT (4 LIT CAN) || ata_chapter: 51-75"
11804290,A320,EI-DES AIRBUS A320-214,,,,20-May,5/21/2025,5/30/2025,0,3160878.0,,,EI,"WORKSTEPS DESCRIPTIONS:
2025-05-21: PERFORM 10 DAY
 -PERFORM CHECK: 10 DAY, CHECK. INTERVAL: 10/D","ACTIONS:
- 2025-05-30 10 DAY C/O . IAW ATTACHED TASK CARDS. . APU S/N: P4121. HOURS: 18019. CYCLES: 50104",
11798481,A333,G-EILA AIRBUS A330-302,,,,20-May,5/7/2025,5/16/2025,0,3698952.0,,,EI,"WORKSTEPS DESCRIPTIONS:
2025-05-07: PERFORM UK33-10 DAY
 -PERFORM CHECK: UK33-10 DAY, CHECK. INTERVAL: 10/D","ACTIONS:
- 2025-05-16 PERFORM UK33-10 DAYPERFORMED SATIS",
912277,A320,EI-DEO AIRBUS A320-214,6743.0,C,30-31-02A,30-31,4/17/2025,4/18/2025,0,3079677.0,,,EI,"WORKSTEPS DESCRIPTIONS:
2025-04-17: ANTI ICE F/O PITOT
 -OUTSTATION ENTRY. ANTI -ICE F/O PITOT. S/N 50502","ACTIONS:
- 2025-04-18 REPLACED F/O PITOT IAW AMM 34-11-15-01 REV.112. . OP TESTED OK
- 2025-04-17 ANTI ICE F/O PITOTENTERED ON BEHALF OF VIE STATIONENGINEER. PERFORMED T/S AND RESET IAW FIM TASK 30-31-00-810-813-A, REV 112. NO FIX, MSS PERSISTS. APPLIED MEL 30-31-02A `F/O PITOT HEATER INOP` M-PROCEDURE IAW AMM 30-31-00-040-002 PERFORMED.. SIGNED: S/N 62141 3335 AT.145.001",
11731753,A333,EI-GCF AIRBUS A330-302,,,,25-70,5/6/2025,,0,,X,601355-901,EI,"WORKSTEPS DESCRIPTIONS:
2025-05-06: LDMCR ICA AMS-257-00008-B - 1YE CHECK
 -<p>Perform Attachments: Shock mounts inspection (25-75-00-220-002A).</p>. . <p>&nbsp;</p>. . <p>Ref: TechWeb/Mods -CBs/Installation and Removal of LDMCR/AMS-257-00008-000B.</p>",,
11781667,A21N,EI-XLR AIRBUS A321-253NY,,,,20-May,4/28/2025,5/7/2025,0,108425.0,,,EI,"WORKSTEPS DESCRIPTIONS:
2025-04-28: PERFORM 10 DAY
 -PERFORM CHECK: 10 DAY, CHECK. INTERVAL: 10/D","ACTIONS:
- 2025-05-07 PERFORM 10 DAY10 DAY CHECK CARRIED OUT AS PER WORKCARDS.. AMM REV# 112, FEB, 2025",
960267,A320,EI-DVH AIRBUS A320-214,7073.0,C,34-11-01A,34-11,2/11/2025,2/13/2025,600,2747407.0,,,EI,"WORKSTEPS DESCRIPTIONS:
2025-02-11: NAV STBY AOA FAULT
 -AFTER RESET WITHOUT SUCCESS. A/C DISPATCH BY MEL 34-11-01A","ACTIONS:
- 2025-02-11 NAV STBY AOA FAULTMCC NOTE : ADDED IN TO GIVE FAULT VISABILITY IN A/C STATUS :. NAV STBY AOA FAULT . 
- 2025-02-13 NAV STBY AOA FAULTAOA SENSOR 3FP3 REPLACED IAW AMM 34-11-10 PB 401 REV 112
- 2025-02-11 NAV STBY AOA FAULTA/C DISPATCH BY MEL 34-11-01A",
8500755,A333,EI-EIK AIRBUS A330-302,,,,78-31,4/2/2025,,18,,5044EG3/2,3275538-3,EI,"WORKSTEPS DESCRIPTIONS:
2025-04-02: 
 -PERFORM ON PN:3275538-3 SN:GRTK1260 (T REV BSCREW ACTUATOR ANGLE GBOX CF6). REPAIR (3275538-3 33F THR/REV ANGL GRBX REPACK). OW/MPD 783100-G1-1-ANGLE GRBX REPACK. INSTALLED AT: 5044EG3/2(ADDED BY TRANSFER-PROGRAM)
2025-04-02: 3275538-3 33F THR/REV ANGL GRBX REPACK-REPAIR of T REV BSCREW ACTUATOR
 -REMOVE & REPACK ANGLE GEARBOX",,
11569266,A320,EI-EDS AIRBUS A320-214,,,,80-11,5/22/2025,5/27/2025,60,2517579.0,NO2 ENG,3505582-27,EI,"WORKSTEPS DESCRIPTIONS:
2025-05-22: 
 -PERFORM ON PN:3505582-27 SN:YG438019 (STARTER). DETAILED INSPECTION (STARTER-801110-C1-1-CHECK CHIPDETECTOR). OW/MPD 801110-C1-1-CHK CHIP DETECTOR. INSTALLED AT: NO2 ENG(#2 ENGINE). INSTALLED IN PN:CFM56-5B4P SN:779399 (ENGINE CFM56) (POS:NO2 ENG). (POS DESCR:#2 ENGINE). CHECK CHIP DETECTOR.. . RECORD PART AND BATCH NUMBER OF ANY PARTS USED IN THE MATERIAL USED SECTION OF THE TASK CARD AND ON THE AMOS WORKORDER..  . NOTE: ENSURE THERE IS A FAN COWL INDEPENDENT INSPECTION TECH. LOG ENTRY","ACTIONS:
- 2025-05-27 PERFORMED DETAILED INSPECTION OF STARTER CHIP DETECTOR IAW AMM  80-11-10-210-001-C REV 112.. . O-RINGS USED X 2. P/N: M83248-1-008. B/N: ZID-391168514",
11993231,A320,EI-EDP AIRBUS A320-214,,,,24-24,6/22/2025,6/22/2025,60,2580118.0,,,EI,"WORKSTEPS DESCRIPTIONS:
2025-06-22: PERF. TASKCARD 242400-01-2, Rev. 08 STEP-1
 -OPERATIONAL CHECK OF EMERGENCY GENERATING SYSTEM","ACTIONS:
- 2025-06-22 PERF. TASKCARD 242400-01-2, REV. 08 STEP-1PERFORMED AS REQUIRED",
12219530,A21N,EI-LRA AIRBUS A321-253NX,,,,May-00,6/9/2025,6/11/2025,0,1232723.0,,,EI,"WORKSTEPS DESCRIPTIONS:
2025-06-09: PERFORM CHECK: A320 RAMP CHECK (RAMP)
 -PERFORM CHECK: RAMP, A320 RAMP CHECK. INTERVAL: 72/HR IAW ALD431","ACTIONS:
- 2025-06-11 PERFORM CHECK: A320 RAMP CHECK (RAMP)RAMP PERFORMED PER ALD431 (LATEST REVISION) & SIGNED IN ALD689.",
11389714,A20N,EI-NSD AIRBUS A320-251N,,,,34-10,5/29/2025,6/1/2025,240,225219.0,9DA2,0851MC,EI,"WORKSTEPS DESCRIPTIONS:
2025-05-29: 0851MC - 32F & 33F PITOT CLEAN-INSPECTION of PITOT PROBE(0851MC/437407
 -PERFORM ON PN:0851MC SN:437407 (PITOT PROBE). INSPECTION (0851MC - 32F & 33F PITOT CLEAN). OW/MPD 341300-XX-1 - PITOT CLEAN. INSTALLED AT: 9DA2(PROBE-PITOT, 2). CLEANING OF THE PITOT PROBE IAW AMTOSS 341000-170-004 REF: ISI 34.13.00004  . NOTE 1: TASK TO BE PERFORMED ALTERNATELY ON PITOT 1, 2 AND 3. . NOTE 2: OBSERVE INDEPENDENT INSPECTION REQUIREMENTS. . NOTE 3: PLEASE MAKE ENG ENTRY IN TECH LOG TO INDICATE WHICH PROBE REQUIRES CLEANING AND CERTIFY POST CLEANING ACCORDINGLY.","ACTIONS:
- 2025-06-01 PITOT PROBE #2 CLEANING CARRIED OUT IN ACCORDANCE WITH AMM 34-10-00-170-004 REV.113. REF ISI 34.13.00004
- 2025-06-01 INSPECTION CARRIED OUT OF PITOT PROBE #2 QUICK DISCONNECT COUPLING CARRIED OUT AS PER MOE 2.23.1 ISS2 REV 1
- 2025-06-01 INDEPENDENT INSPECTION CARRIED OUT OF PITOT PROBE #2 QUICK DISCONNECT COUPLING CARRIED OUT AS PER MOE 2.23.1 ISS2 REV 1",
12239620,A320,EI-DVI AIRBUS A320-214,,,,May-00,6/26/2025,6/27/2025,0,2724477.0,,,EI,"WORKSTEPS DESCRIPTIONS:
2025-06-26: PERFORM CHECK: A320 RAMP CHECK (RAMP)
 -PERFORM CHECK: RAMP, A320 RAMP CHECK. INTERVAL: 24/HR IAW ALD431","ACTIONS:
- 2025-06-27 PERFORM CHECK: A320 RAMP CHECK (RAMP)RAMP PERFORMED PER ALD431 (LATEST REVISION) & SIGNED IN ALD689.",
11672754,A332,EI-DAA AIRBUS A330-200,,,,May-00,3/9/2025,4/11/2025,0,5752590.0,,,EI,"WORKSTEPS DESCRIPTIONS:
2025-03-09: PERFORM CHECK: A330 - DAILY CHECK (DAILY CHECK)
 -PERFORM CHECK: DAILY CHECK, A330 - DAILY CHECK. INTERVAL: 1/D IAW DAILY CHECK DOCUMENT WORKSHEET","ACTIONS:
- 2025-04-11 PERFORM CHECK: A330 - DAILY CHECK (DAILY CHECK)CHECK: DAILY CHECK, A330 - DAILY CHECK PERFORMED. IAW ALD426 ISSUE 23 AND ALD425 ISSUE 19",
933478,A320,EI-GAM AIRBUS A320-214,,,,57-31,1/3/2025,1/9/2025,0,2770900.0,,,EI,"WORKSTEPS DESCRIPTIONS:
2025-01-03: 
 -REF W/O: 933477. R/H WING FENCE REPLACED, PLEASE PAINT WITH TEAL TOPCOAT TO MATCH AIRCRAFT LIVERY.","ACTIONS:
- 2025-01-09 MAINTENANCE DATA REVISION NUMBER : 151. . CARRIED OUT TOP COAT APPLICATION ON R/H WING TIP FENCE IAW SRM  51-75-12-911-001 REV. 151.
- 2025-01-03 ITEM TRANSFERRED TO DDR SECTION TO BE CARRIED OUT AT NEXT MAINT OPPERTUNITY AS PER SRM 51-11-00 REV 151",
11996206,A320,EI-DEF AIRBUS A320-214,,,,May-00,5/12/2025,5/12/2025,0,3335027.0,,,EI,"WORKSTEPS DESCRIPTIONS:
2025-05-12: PERFORM CHECK: A320 RAMP CHECK (RAMP)
 -PERFORM CHECK: RAMP, A320 RAMP CHECK. INTERVAL: 24/HR IAW ALD431","ACTIONS:
- 2025-05-12 PERFORM CHECK: A320 RAMP CHECK (RAMP)RAMP PERFORMED PER ALD431 (LATEST REVISION) & SIGNED IN ALD689.",
11651172,A333,EI-FNG AIRBUS A330-302,,,,78-31,2/28/2025,,120,,4130KS1,683L247G05,EI,"WORKSTEPS DESCRIPTIONS:
2025-02-28: THRUST RV 33F-FIRE PROTECTION COAT-GVI-INSPECTION of THRUST REVERSER,
 -PERFORM ON PN:683L247G05 SN:R555-596 (THRUST REVERSER, LH). INSPECTION (THRUST RV 33F-FIRE PROTECTION COAT-GVI). OW/MPD 783200-G7-1-FIRE PRT COAT-GVI. INSTALLED AT: 4130KS1(ADDED BY TRANSFER-PROGRAM). . FIRE PROTECTION COATING - GVI",,"PARTS:
- 2025-02-17 RTV106: SEALANT, 4.7 OZ TUBE || ata_chapter: 25-00"
11990457,A333,EI-GCF AIRBUS A330-302,,,,25-00,5/22/2025,,30,,X,601355-901,EI,"WORKSTEPS DESCRIPTIONS:
2025-05-22: 
 -OPERATIONAL CHECK OF SQUIB FUNCTIONALITY IN THE LDMCR.   . . NOTE: TASK IS INCLUDED IN AMM 257541-400-801 FOR LDMCR INSTALLATION PROCEDURE, (BUT NOT INCLUDED IN AMM 257541-400-803 FOR QUICK TURN-AROUND LDMCR INSTALLATION PROCEDURE). CREDIT CAN BE TAKEN FOR PERFORMANCE OF THIS TASK AT THIS OPPORTUNITY.",,
11663562,A21N,EI-LRC AIRBUS A321-253NX,,,,72-00,2/27/2025,4/1/2025,240,1130687.0,NO1 ENG,362-020-052-0,EI,"WORKSTEPS DESCRIPTIONS:
2025-02-27: 
 -MANDATORY: PERFORM LEAP-1A-72-00-0151 COMPONENT (SB) REV. 09. PARTNO : 362-020-052-0 / SERIALNO : HE232355.          RING,RETAINER-LPT STG 1.          POS: NO1 ENG. HIGHEST P/N : LEAP-1A33 / S/N : 599292. HIGHEST POS: NO1 ENG. . LOW PRESSURE TURBINE ROTOR AND STATOR MODULE (72-58-00) - INSPECTION O. F THE LOW PRESSURE TURBINE STAGE 1 INTERLOCK GAPS. REFERENCE: . . ACTION:. . 1. GAIN ACCESS TO A/C. . 2. ACCOMPLISH INTENT OF SB 72-00-0151 REV 9 . . 3. IF ANY FINDINGS ARE NOTED REPORT BACK FINDINGS VIA TAQ TO POWERPLANT.. . NOTE: CLEARLY RECORD ANY REDUCED INSPECTION INTERVAL ON THE WORK ORDER.. . 4. RETURN A/C BACK TO A SERVICEABLE CONDITION.","ACTIONS:
- 2025-04-01 MAINTENANCE DATA REVISION NUMBER :112.  . . #1 ENGINE  ESN: 599292  . . BORESCOPE INSPECTION CARRIED OUT ON #1 ENGINE LPT RETAINING RING IAW SB 72-00-0151 REV 9.  . FINDINGS: . - 11 CRACKS IN TOTAL. . - MINIMUM DISTANCE BETWEEN 2 CRACKS IS 2 BLADE HOOKS. . - RE-INSPECTION INTERVAL TO REMAIN AT 100FC.  . . INDEPENDENT INSPECTION CARRIED OUT ON INSTALLATION OF BORESCOPE PORT ""U"".
- 2025-04-01 1ST
- 2025-04-01 2ND",
11733274,A332,EI-DUO AIRBUS A330-202,,,,75-00,4/11/2025,,120,,NO1ENG,CF6-80E1A4B,EI,"WORKSTEPS DESCRIPTIONS:
2025-04-11: 
 -PERFORM R330-75-0205 COMPONENT (REPEAT EO) REV. D. PARTNO : CF6-80E1A4B / SERIALNO : 811783.          POWER PLANT, CF6 A4/B POWER.          POS: NO1ENG. . LPTACC MANIFOLDS - INSPECT SPRING WASHERS FOR CONDITION. . REFERENCE: . INSPECT THE ENGINE LPTACC MANIFOLDS AS PER THE ATTACHED INSTRUCTION. SHEET R330-75-0205 ISSUE B.",,"PARTS:
- 2025-03-10 1801M95P07: WASHER, SPRING || ata_chapter: 72-00
- 2025-03-10 1810M35P01: WASHER || ata_chapter: 72-00
- 2025-03-10 1775M38P05: BUSHING || ata_chapter: 25-00
- 2025-03-10 1775M39P05: BUSHING || ata_chapter: 25-00"
11809382,A21N,EI-LRE AIRBUS A321-253NX,,,,31-36,4/14/2025,4/15/2025,45,948531.0,,,EI,"WORKSTEPS DESCRIPTIONS:
2025-04-14: CHANGE PCMCIA DISKS
 -BACKGROUND. ============  . EI-LRE HAS FAILED TO DELIVER A NUMBER OF  FLIGHTS RECENTLY.. THE INTERNAL PCMCIA FDIMU DISKS SHOULD HAVE THIS DATA RECORDED ON IT.. . ACTION= ENG RQST - DO NOT DOWNLOAD DISK INTO DTU. . PLEASE REMOVE & KEEP SAFE AND INSERT NEW PCMCIA DISKS INTO FDIMU. . IAW AMM  31-36-00-000-001-A - REMOVAL OF THE PERSONAL COMPUTER MEMORY CARD (PCMCIA) OF THE FDIMU/DMU. AND. IAW AMM 31-36-00-400-001-A - INSTALLATION OF THE PERSONAL COMPUTER MEMORY CARD (PCMCIA) OF THE FDIMU/DMU. AND. . PLEASE KEEP USED DISK SAFE FOR COLLECTION AND DO NOT DOWNLOAD DISK INTO DTU. . (REQUESTED BY PAUL KEARNEY 25485)","ACTIONS:
- 2025-04-15 PCMCIA CARD CHANGED IAW AMM 31-36-00 REV.112. REMOVED CARD RETAINED AND STORED IN LINE OFFICE",
11606709,A333,G-EILA AIRBUS A330-302,,,,53-00,1/9/2025,1/13/2025,0,3623676.0,,,EI,"WORKSTEPS DESCRIPTIONS:
2025-01-09: 
 -REF W/O 11600761 INSP HST TEMP FSATENER AT FRAME 66 REF CRAS/EBSR D0192547","ACTIONS:
- 2025-01-09 DDR RAISED TO REINSPECT HST WITHIN 10 FLIGHT CYCLES
- 2025-01-13 HST INSPECTION FOR INTEGRITY FOUND SATIS THIS CHECK",
11783833,A320,EI-DVH AIRBUS A320-214,,,,56-10,3/25/2025,3/26/2025,60,2763173.0,,,EI,"WORKSTEPS DESCRIPTIONS:
2025-03-25: 
 -PLEASE INSERT ATTACHED  UPDATED EDITED ALD 572/573 INTO TECH LOG.. RESTORE AIRCRAFT TO NORMAL","ACTIONS:
- 2025-03-26 AS REQUESTED , UPDATED  ALD 572 / 573 INSERTED IN TO TECH LOG.",
11215335,A320,EI-DEO AIRBUS A320-214,,,,78-32,3/10/2025,,180,,NO2 RH,642-3802-523,EI,"WORKSTEPS DESCRIPTIONS:
2025-03-10: 
 -CARRY OUT A GENERAL VISUAL INSPECTION OF THE THRUST REVERSER PER TASK CARD ZL-451-01-1.. . PERFORM ON PN: 642-3802-523, S/N: ROH 8036001 . INSTALLED AT: NO2 RH (HIGHEST POS: NO2 RH). PART DESCR.: THRUST REVERSER. . PLANNING NOTE: BOTH W/O AND ASSOCIATED TASK TO BE CERTIFIED",,
11240323,A332,EI-DAA AIRBUS A330-200,,,,34-00,1/8/2025,2/11/2025,120,5735006.0,,,EI,"WORKSTEPS DESCRIPTIONS:
2025-01-08: 
 -PERFORM R330-34-2001 (REPEAT EO) REV. B. . NAVIGATION - AIR DATA PROBES - GENERAL VISUAL INSPECTION OF AIR DATA. PROBES AND CHECK OF AOA PROBES FOR SLUGGISHNESS. REFERENCE: . CARRY OUT ACCOMPLISHMENT INSTRUCTIONS OF AMM 34-11-1X PB601 AS PER ATTACHED INSTRUCTION SHEET R330-34-2001 REV. A.","ACTIONS:
- 2025-02-11 MAINTENANCE DATA REVISION NUMBER :111. CARRIED OUT ACCOMPLISHMENT INSTRUCTIONS OF AMM 34-11-1X PB601 AS PER ATTACHED INSTRUCTION SHEET R330-34-2001 REV. A.. CHECKED OK",
11616636,A333,EI-EIN AIRBUS A330-302,,,,75-00,2/10/2025,2/19/2025,60,1078403.0,NO1 ENG,CF6-80E1A4B,EI,"WORKSTEPS DESCRIPTIONS:
2025-02-10: 
 -PERFORM R330-75-2004 COMPONENT (REPEAT EO) REV. A. PARTNO : CF6-80E1A4B / SERIALNO : 811843.          POWER PLANT, CF6 A4/B POWER.          POS: NO1 ENG. . VSV ACTUATOR ROD END LUBRICATION. . REFERENCE: . CARRY OUT ACCOMPLISHMENT INSTRUCTIONS AS PER ATTACHED ENGINEERING ORDER INSTRUCTION SHEET R330-75-2004 REV.A. . PLEASE REFER TO SB 75-0037 FOR CORRECT PROCEDURE ON HOW TO LUBRICATE THE VSV ACTUATOR SPHERICAL BEARING.","ACTIONS:
- 2025-02-19 MAINTENANCE DATA REVISION NUMBER : 111, REV DATE: JAN 2025. . . CARRIED OUT VSV ACTUATOR ROD END LUBRICATION ON ENGINE #1. . TASK CARRIED OUT AS PER ATTACHED ENGINEERING ORDER INSTRUCTION SHEET R330-75-2004 REV.A AND  SB 75-0037 ",
11819422,A320,EI-DEI AIRBUS A320-214,,,,May-00,4/22/2025,4/22/2025,0,3068343.0,,,EI,"WORKSTEPS DESCRIPTIONS:
2025-04-22: PERFORM CHECK: A320 RAMP CHECK (RAMP)
 -PERFORM CHECK: RAMP, A320 RAMP CHECK. INTERVAL: 24/HR IAW ALD431","ACTIONS:
- 2025-04-22 PERFORM CHECK: A320 RAMP CHECK (RAMP)RAMP PERFORMED PER ALD431 (LATEST REVISION) & SIGNED IN ALD689.",
7143049,A320,EI-DES AIRBUS A320-214,,,,52-21,1/23/2025,,60,,,,EI,"WORKSTEPS DESCRIPTIONS:
2025-01-23: 
 -PERFORM R320-52-2050 (REPEAT EO) REV. A. . OVERWING EXIT HANDLE ASSY GASKET - INSPECTION & REPLACEMENT IF. NECESSARY. REFERENCE: . CARRY OUT AN INSPECTION OF THE OVERWING EMERGENCY EXIT DOOR HANDLE. GASKET AND REPLACE IF NECESSARY IN ACCORDANCE WITH ATTACHED. INSTRUCTION SHEET R320-52-2050 REV A.",,"PARTS:
- 2024-10-01 132348-1: GASKET, OVERWING EXIT DOOR HANDLE || ata_chapter: 00-00"
11731240,A320,EI-DEH AIRBUS A320-214,,,,38-00,3/14/2025,3/27/2025,60,3251947.0,,,EI,"WORKSTEPS DESCRIPTIONS:
2025-03-14: 
 -PERFORM R3XX-38-2001 (REPEAT EO) REV. A. . SAMPLE OF POTABLE WATER. . REFERENCE: . DUE TO REPEATS OF HIGH TVC/TVM WATER READINGS PLEASE REMOVE A SAMPLE OF POTABLE WATER FROM THE COLD TAP IN EACH GALLEY AND SEND FOR ANALYSIS IAW AER LINGUS COMPANY MANUAL PROCEDURES REFERENCE 01-02-030.     . . THE REFERENCED PROCEDURE MUST BE STRICTLY ADHERED TO FOR SUCCESSFUL ANALYSIS OF THE WATER SAMPLE.     . . NOTE 1: FILL CONTAINER UP TO 250ML  MARK (MIN).     . . NOTE 2: ENSURE ALL GALLEYS WITH A POTABLE WATER FAUCET HAVE SAMPLES TAKEN:  . . NOTE 3: SAMPLE TO BE TAKEN AND DELIVERED TO MAIN STORES BETWEEN MIDNIGHT AND EARLY MORNING ONLY FOR COLLECTION  BY LABORATORY. . . - A320 CEO: G1 AND G5  . - A320 NEO: G1 AND G4B  . - A321 NEO: G1, G4 AND G5  . - A330: G1, G3, G6 & G7     . . COMPANY PROCEDURES MANUAL REF: 01-02-030 IS AVAILABLE ON THE AER LINGUS TECHWEB.","ACTIONS:
- 2025-03-27 PERFORMED R3XX-38-2001 (REPEAT EO) REV. A",
11089753,A21N,EI-LRG AIRBUS A321-253NX,,,,25-45,3/8/2025,3/11/2025,120,934618.0,,,EI,"WORKSTEPS DESCRIPTIONS:
2025-03-08: 
 -MANDATORY: PERFORM R320-25-2010 (REPEAT EO) REV. A. . LAVATORY AIR FILTER REPLACEMENT. . REFERENCE: . CARRY OUT REPLACEMENT OF THE LAVATORY AIR FILTERS IN ACCORDANCE WITH. ATTACHED INSTRUCTION SHEET R320-25-2010 REV A1.","ACTIONS:
- 2025-03-11 PERFROMED IAW INSTRUCTION SHEET R320-25-2010 REV A1.",
12213429,A320,EI-DVE AIRBUS A320-214,,,,May-00,5/28/2025,5/29/2025,0,2872123.0,,,EI,"WORKSTEPS DESCRIPTIONS:
2025-05-28: PERFORM CHECK: A320 RAMP CHECK (RAMP)
 -PERFORM CHECK: RAMP, A320 RAMP CHECK. INTERVAL: 24/HR IAW ALD431","ACTIONS:
- 2025-05-29 RAMP PERFORMED PER ALD431 (LATEST REVISION) & SIGNED IN ALD689.",
11797544,A333,EI-EIL AIRBUS A330-302,,,,May-00,4/10/2025,4/11/2025,0,4269505.0,,,EI,"WORKSTEPS DESCRIPTIONS:
2025-04-10: PERFORM CHECK: A330 - DAILY CHECK (DAILY CHECK)
 -PERFORM CHECK: DAILY CHECK, A330 - DAILY CHECK. INTERVAL: 1/D IAW DAILY CHECK DOCUMENT WORKSHEET","ACTIONS:
- 2025-04-11 DAILY CHECK PERFORMED TO THE LATEST REVISION OF ALD 426",
11348478,A320,EI-DEL AIRBUS A320-214,,,,78-32,3/19/2025,,10,,,642-3802-523,EI,"WORKSTEPS DESCRIPTIONS:
2025-03-19: THRUST RV-V-GROOVERING-783209-01-1-DVI-INSPECTION of FAN REVERSER RH(6
 -PERFORM ON PN:642-3802-523 SN:3675001 (FAN REVERSER RH). INSPECTION (THRUST RV-V-GROOVERING-783209-01-1-DVI). OW/783209-01-1-THR RV VGRVE RING-DVI. INSTALLED AT: . . DETAILED INSPECTION OF THRUST REVERSER V-GROOVE ADAPTER RING, PER AMTOSS: 78-32-00-220-811-B",,
11455232,A332,EI-DAA AIRBUS A330-200,,,,21-Dec,2/28/2025,5/9/2025,120,5766346.0,,,EI,"WORKSTEPS DESCRIPTIONS:
2025-02-28: 
 -PERFORM R3XX-12-2001 (REPEAT EO) REV. A. . FLIGHT DECK CLEANING. . REFERENCE: . PLEASE CARRY OUT THE REQUIREMENTS OF EO R3XX-12-2001 REV A1","ACTIONS:
- 2025-05-09 PERFORM R3XX-12-2001 (REPEAT EO) REV. A CARRIED OUT",
11817261,A320,EI-DVE AIRBUS A320-214,,,,35-11,4/16/2025,4/16/2025,60,2847290.0,,,EI,"WORKSTEPS DESCRIPTIONS:
2025-04-16: CREW OXYGEN BOTTLE REPLACEMENT
 -BACKGROUND: . OXYGEN BOTTLE INSTALLED IN FIN 5750HM WAS REMOVED SERVICEABLE IN ORDER TO BE RETURNED TO SUPPLIER REF. WO 11`816`732. THIS WORK ORDER IS RAISED TO INSTALL AN NEW OXYGEN BOTTLE. . . WORK STEP:. 1. PERFORM INSTALLATION OF OXYGEN BOTTLE PN: 891511-14 SN: ST324903 IN ACCORDANCE WITH AMM TASK 35-11-41-400-001-A. . . 2. RETURN THE AIRCRAFT TO SERVICEABLE CONDITION","ACTIONS:
- 2025-04-16 CREW OXYGEN BOTTLE REPLACEMENTCREW OXYGEN BOTTLE (5750HM) REPLACED IAW AMM 35-11-41-400-001-A REV 112, FOUND SATISFACTORY.. . REMOVED CREW OXYGEN BOTTLE PN: 891511-14 SN: ST324903 IN SERVICEABLE CONDITION IN ORDER TO BE RETURNED TO SUPPLIER REF. WO 11`816`732",
11611959,A320,EI-DEM AIRBUS A320-214,,,,31-36,1/14/2025,1/16/2025,30,3143712.0,,,EI,"WORKSTEPS DESCRIPTIONS:
2025-01-14: CHANGE FDIMU INTERNAL PCMCIA CARD
 -BACKGROUND. WGL DOWNLOADING HAS DROPPED OFF ON THIS AIRCRAFT.. MANUAL DOWNLOADING IS NEEDED TO SUPPLEMENT. . ACTION REQUESTED=. PLEASE KEEP CARD SAFE FOR COLLECTION - DO NOT DOWNLOAD.. . PLEASE CHANGE FDIMU INTERNAL PCMCIA IAW AMM. AMM 31-36-00-000-001-A - REMOVAL OF THE PERSONAL COMPUTER. AND. AMM 31-36-00-400-001-A - INSTALLATION OF THE PERSONAL COMPUTER MEMORY CARD (PCMCIA) OF THE FDIMU/DMU. . DO NOT DOWNLOAD THE DISK IN THE DTU - KEEP DISK SAFE.. (REQUESTED BY PAUL KEARNEY 25485)","ACTIONS:
- 2025-01-16 FDIMU PCMCIA CARD REPLACED IN ACCORDANCE WITH. AMM 31-36-00-000-001-A AND AMM 31-36-00-400-001-A REV.111. . CARD LEFT ON TSC DESK FAO OF PAUL KEARNEY",
12212873,A320,EI-DEJ AIRBUS A320-214,,,,May-00,5/27/2025,5/29/2025,0,3252616.0,,,EI,"WORKSTEPS DESCRIPTIONS:
2025-05-27: PERFORM CHECK: A320 RAMP CHECK (RAMP)
 -PERFORM CHECK: RAMP, A320 RAMP CHECK. INTERVAL: 24/HR IAW ALD431","ACTIONS:
- 2025-05-28 PERFORM CHECK: A320 RAMP CHECK (RAMP)PERFORMED RAMP CHECK IAW ALD431 REV.41",
11641555,A320,EI-DVE AIRBUS A320-214,,,,78-32,5/20/2025,,180,,NO2ENG,642-3801-521,EI,"WORKSTEPS DESCRIPTIONS:
2025-05-20: 
 -CARRY OUT A GENERAL VISUAL INSPECTION OF THE THRUST REVERSER PER TASK CARD ZL-451-01-1.. . PERFORM ON PN: 642-3801-521, S/N: ROH8902001 . INSTALLED AT: NO2ENG (HIGHEST POS: NO2ENG). PART DESCR.: THRUST REVERSER. . PLANNING NOTE: BOTH W/O AND ASSOCIATED TASK TO BE CERTIFIED",,
11995061,A21N,EI-XLR AIRBUS A321-253NY,,,,May-00,5/16/2025,5/17/2025,0,117919.0,,,EI,"WORKSTEPS DESCRIPTIONS:
2025-05-16: PERFORM CHECK: A320 RAMP CHECK (RAMP)
 -PERFORM CHECK: RAMP, A320 RAMP CHECK. INTERVAL: 72/HR IAW ALD431","ACTIONS:
- 2025-05-17 PERFORM CHECK: A320 RAMP CHECK (RAMP)RAMP PERFORMED PER ALD431 (LATEST REVISION) & SIGNED IN ALD689.",
11781435,A320,EI-DVH AIRBUS A320-214,,,,May-00,3/27/2025,3/27/2025,0,2764114.0,,,EI,"WORKSTEPS DESCRIPTIONS:
2025-03-27: PERFORM CHECK: A320 RAMP CHECK (RAMP)
 -PERFORM CHECK: RAMP, A320 RAMP CHECK. INTERVAL: 24/HR IAW ALD431","ACTIONS:
- 2025-03-27 PERFORM CHECK: A320 RAMP CHECK (RAMP)RAMP PERFORMED PER ALD431 (LATEST REVISION) & SIGNED IN ALD689.",
12230732,A332,EI-DAA AIRBUS A330-200,,,,46-21,6/13/2025,6/18/2025,60,5779349.0,,,EI,"WORKSTEPS DESCRIPTIONS:
2025-06-13: ACARS 24TX UPDATE SOFTWARE PN LAX49550700
 -BACKGROUND: . UPDATED SOFTWARE TO UPDATE HIGH GROUND SPEED THRESHOLD SETTING TO ""0"".. . WORK INSTRUCTION: . . 1. PLEASE LOAD ATSU DATABASE 24TX VERSION LAX49550700 INTO ATSU IAW AMM TASK TASK 46-21-00-610-801-B UPLOADING OF THE ATSU SOFTWARE COMPONENT        . . NOTE:. PLEASE NOTE THAT THIS VERSION IS LISTED AS LAX49550700 IN PDL MEMORY.               . 2. PLEASE RAISE A TAQ TO AVIONICS REQUESTING FOR THE SOFTWARE CONFIGURATION FILE ON THE TECHWEB TO BE UPDATED. . . .  . ...................END","ACTIONS:
- 2025-06-18 ACARS 24TX UPDATE SOFTWARE PN LAX49550700MAINTENANCE DATA REVISION NUMBER :121. ACARS 24TX UPDATED SOFTWARE PN LAX49550700",
